AC No,Constituency,District,Total Voters 2019,Votes Cast 2019,TMC 2019,BJP 2019,Other1 Party 2019,Other1 Votes 2019,Other2 Party 2019,Other2 Votes 2019,Other3 Party 2019,Other3 Votes 2019,Total Voters 2021,Votes Cast 2021,TMC 2021,BJP 2021,Other1 Party 2021,Other1 Votes 2021,Other2 Party 2021,Other2 Votes 2021,Other3 Party 2021,Other3 Votes 2021,Total Voters 2024,Votes Cast 2024,TMC 2024,BJP 2024,Other1 Party 2024,Other1 Votes 2024,Other2 Party 2024,Other2 Votes 2024,Other3 Party 2024,Other3 Votes 2024,Total Voters 2026,Votes Cast 2026,Male 2026,Female 2026,Third Gender 2026,Vote Drop/Margin 21-26,Vote Drop/Margin 24-26
1,Mekliganj,Coochbehar,216864,189043,82435,87140,CPIM,8153,INC,3436,IND,2436,226465,198744,99338,84653,AIFB,6853,SUCI,1768.0,IND,1466.0,237869,200242,94842,92024,CPI(M),6115,IND,2715,BSP,1265,224413,217389,116228,108183,2,-1.27,-6.08
2,Mathabhanga,Coochbehar,241785,207363,86188,107063,AIFB,5757,INC,3012,IND,2341,248022,214203,87115,113249,CPI(M),7718,IND,2314.0,KPPU,1289.0,265316,221721,99974,110612,AIFB,4197,IND,2925,INC,1107,248757,239901,129331,119425,1,,
3,Coochbehar Uttar,Coochbehar,272057,231321,91380,118606,AIFB,9910,INC,5664,IND,2329,282988,243916,105868,120483,AIFB,11475,SUCI,1386.0,IND,1379.0,292443,244811,105870,123859,AIFB,6251,IND,3471,INC,2191,263078,251029,136255,126823,0,,
4,Coochbehar Dakshin,Coochbehar,223411,182755,80410,86431,AIFB,7197,INC,3667,IND,1988,233839,195505,86629,91560,AIFB,10246,IND,2720.0,BSP,1419.0,241441,194819,95092,87383,AIFB,5275,IND,2550,INC,1726,213968,202713,109394,104570,4,,-1.02
5,Sitalkuchi,Coochbehar,275720,236981,109771,108541,AIFB,7000,INC,3633,IND,3489,285260,245966,107140,124955,CPI(M),6720,IND,2018.0,KPPU,976.0,304609,257148,129633,113357,IND,4795,AIFB,4147,INC,1132,285548,278495,151129,134416,3,,-1.31
6,Sitai,Coochbehar,277195,224943,123130,88469,INC,4455,AIFB,3068,IND,2394,290568,238578,117908,107796,IND,5033,INC,3964.0,SUCI,1381.0,304238,239208,128189,99812,IND,3622,AIFB,2162,INC,2058,273126,263703,143133,129993,0,-2.48,-0.86
7,Dinhata,Coochbehar,288755,230474,99442,114981,AIFB,6037,INC,4224,IND,2580,299251,243751,115978,116035,AIFB,6069,IND,2757.0,SUCI,1375.0,307585,238083,123072,105058,AIFB,3263,IND,2909,INC,1080,277291,265367,143513,133778,0,,-1.51
8,Natabari,Coochbehar,235277,206515,86018,104543,AIFB,7679,INC,3432,IND,2159,245040,217173,88303,111743,CPI(M),11839,IND,1341.0,SUCI,1186.0,255111,220058,103917,105063,AIFB,4697,IND,2609,INC,1245,239923,230590,123248,116669,6,,
9,Tufanganj,Coochbehar,225957,201377,91290,98776,RSP,5392,INC,1999,IND,1660,234311,209378,83305,114503,INC,5973,IND,2614.0,SUCI,491.0,245696,213470,97807,104302,RSP,4316,IND,2476,BSP,778,237667,228659,122055,115611,1,,
10,Kumargram,Alipurduar,262525,222681,87210,116023,RSP,9343,INC,4623,IND,2134,272924,232489,100973,111974,RSP,11253,IND,1781.0,KPPU,1651.0,282343,229473,102753,110394,RSP,6514,IND,3641,BSP,997,259496,244523,134118,125375,3,,
11,Kalchini,Alipurduar,235753,190453,64045,111477,INC,4860,RSP,4194,IND,2175,247425,195815,74528,103104,IND,7455,INC,5482.0,LJP,1164.0,254731,189974,81526,96391,IND,3419,RSP,2954,BSP,907,221457,201238,109713,111742,2,,
12,Alipurduars,Alipurduar,249960,211016,77859,114879,RSP,8455,INC,4773,IND,1890,260652,222732,91326,107333,INC,15651,IND,5330.0,SUCI,1111.0,268670,216822,86257,114821,RSP,7266,IND,2917,BSP,873,244331,229720,123903,120423,5,,
13,Falakata,Alipurduar,244579,209134,82210,109280,RSP,10248,INC,2237,IND,1855,254554,220500,99003,102993,CPI(M),10772,IND,3323.0,SWJP,1377.0,262383,218295,97006,105972,RSP,6704,IND,3056,BSP,820,245264,234080,126099,119160,5,,
14,Madarihat,Alipurduar,203374,158752,49650,93488,RSP,5586,INC,3396,IND,2597,212651,166920,61033,90718,RSP,7072,BSP,1696.0,BTP,1540.0,220466,162432,68858,79921,RSP,4043,IND,3509,BSP,926,193958,175726,96262,97695,1,,
15,Dhupguri,Jalpaiguri,251681,217976,87963,105729,CPIM,13016,INC,3065,IND,2904,263118,229323,100333,104688,CPI(M),13107,IND,3265.0,BSP,2178.0,269522,223799,100322,106651,CPI(M),9733,IND,3202,BSP,1141,258127,246589,133196,124925,6,,
16,Maynaguri,Jalpaiguri,251373,223510,96072,110819,CPIM,5916,IND,2907,INC,1705,264265,236093,103395,115306,RSP,5760,KPPU,2868.0,CPI(ML)(L),1555.0,272625,235348,108018,112763,CPI(M),5988,IND,3549,BSP,1312,258545,249237,133769,124776,0,,
17,Jalpaiguri,Jalpaiguri,255369,217222,72962,112147,CPIM,16412,INC,8311,IND,2206,262500,225933,95668,94727,INC,24228,IND,4411.0,BSP,1609.0,268781,222289,84474,110008,CPI(M),20119,IND,3104,BSP,1082,250381,233981,126563,123816,2,-8.55,
18,Rajganj,Jalpaiguri,233915,207409,94727,90407,CPIM,9926,IND,3375,INC,3124,244163,215755,104641,88868,CPI(M),12108,KPPU,1860.0,SUCI,1605.0,255653,221799,104594,97114,CPI(M),10781,IND,3978,BSP,1340,230795,222856,119299,111495,1,-0.45,-0.14
19,Dabgram-fulbari,Jalpaiguri,283995,239654,64449,150566,CPIM,13408,INC,4300,IND,2392,310354,258969,101495,129088,CPI(M),17998,IND,3536.0,BSP,1395.0,321201,258739,83778,156023,CPI(M),11486,IND,3114,BSP,1104,264380,250156,133222,131154,4,,
20,Mal,Jalpaiguri,242267,202897,76939,100998,CPIM,9223,INC,4547,IND,4139,255570,213255,99086,93621,CPI(M),10929,SUCI,3008.0,IND,1912.0,264189,209779,101468,88653,CPI(M),9407,IND,4734,BSP,1293,237452,223609,118926,118526,0,-1.89,-1.08
21,Nagrakata,Jalpaiguri,226235,182492,53621,103865,RSP,10641,INC,5391,IND,3484,237305,191169,71247,94722,INC,12442,IND,5057.0,PRPP,2247.0,244174,184131,83279,79732,RSP,7627,IND,4632,BSP,1299,220118,203169,107824,112292,2,,-5.37
22,Kalimpong,Kalimpong,205462,145550,34302,96877,IND,4643,AIJAP,3409,INC,3362,211896,154863,0,54336,IND,94847,NPEP,1805.0,INC,1715.0,220584,146022,54113,77745,INC,6092,IND,4628,KMSP,600,201619,167424,100846,100773,0,,
23,Darjeeling,Darjeeling,238967,164055,33604,119428,IND,3928,INC,2761,CPIM,1033,246663,168575,0,68907,IND,95215,CPI(M),1913.0,,,250788,158619,55907,87252,INC,6691,IND,5377,KMSP,495,207716,170888,103033,104681,2,,
24,Kurseong,Darjeeling,229920,169702,34796,122393,IND,4839,INC,2967,CPIM,1214,236477,175545,0,73475,IND,97108,CPI(M),2545.0,,,241499,164520,55474,93981,IND,6042,INC,5075,KMSP,628,216152,179709,106014,110135,3,,
25,Matigara-naxalbari,Darjeeling,267441,225479,45277,144175,CPIM,14540,INC,10733,IND,6353,287565,240591,68937,139785,INC,23060,IND,2046.0,BSP,1577.0,308118,249228,70185,154140,INC,15190,IND,4247,KMSP,875,268480,248854,133571,134906,3,,
26,Siliguri,Darjeeling,215514,170384,39662,105148,CPIM,13901,INC,6626,IND,2746,228406,178650,53784,89370,CPI(M),28835,BSP,1255.0,IND,957.0,239026,179301,48561,114570,INC,10732,IND,2081,KMSP,456,200779,181966,99920,100844,15,,
27,Phansidewa,Darjeeling,224235,196605,53854,107115,INC,15526,CPIM,7933,IND,7250,240496,207590,77940,105651,INC,12815,CPI(ML)(L),2787.0,BSP,2291.0,253225,211976,81273,106491,INC,13309,IND,4990,KMSP,961,217298,206607,109526,107769,3,,
28,Chopra,Uttar Dinajpur,229778,188350,94298,49521,INC,22769,CPIM,11403,IND,6516,247764,204110,124923,60018,CPI(M),12279,AMB,3166.0,IND,2193.0,263658,210065,133276,41145,INC,25508,IND,3958,APOI,681,219236,210510,120091,99140,5,-0.1,-0.0
29,Islampur,Uttar Dinajpur,204049,160514,60976,56531,CPIM,30479,INC,6439,IND,2393,219728,169974,100131,62691,INC,3461,SUCI,1152.0,IND,563.0,235590,173117,86994,62987,INC,15536,IND,5665,BSP,493,202217,184847,107891,94318,8,-0.4,-0.49
30,Goalpokhar,Uttar Dinajpur,215685,158299,79682,31441,CPIM,30078,INC,10709,IND,2019,224633,161535,105649,32135,INC,19391,IND,1099.0,BSP,865.0,246383,173101,67554,31884,INC,66888,IND,4937,BSP,451,199468,182852,107310,92154,4,-0.29,-14.64
31,Chakulia,Uttar Dinajpur,221345,164474,59129,51304,CPIM,40348,INC,7352,IND,2123,233378,173400,86311,52474,AIFB,28704,BSP,2725.0,IND,1046.0,249081,177238,58653,51774,INC,59825,IND,4776,APOI,590,216095,198462,114782,101311,2,-0.74,
32,Karandighi,Uttar Dinajpur,246578,198507,66045,82009,CPIM,30488,INC,12703,IND,3051,262583,213136,116594,79968,AIFB,9146,IND,3131.0,BSP,1139.0,278597,213636,64563,86135,INC,55046,IND,5396,BSP,646,231599,219116,121620,109975,4,-0.16,
33,Hemtabad,Uttar Dinajpur,252710,210333,79562,85738,CPIM,19248,INC,17941,IND,3493,265318,223301,116425,89210,CPI(M),9453,AMB,1581.0,IND,1543.0,279862,225703,88366,96161,INC,33115,IND,5291,BSP,794,246530,237655,130939,115587,4,-0.53,
34,Kaliaganj,Uttar Dinajpur,269950,227972,62133,118895,CPIM,19240,INC,18561,IND,4443,282575,239726,94948,116768,INC,16770,IND,6773.0,SUCI,1073.0,294963,241350,78357,136301,INC,17807,IND,6194,BSP,774,268281,255994,140401,127867,13,,
35,Raiganj,Uttar Dinajpur,190903,152458,41742,83944,CPIM,11429,INC,9755,IND,2623,198780,161347,59027,79775,INC,17198,IND,2332.0,AMB,208.0,207098,159851,46663,93402,INC,14477,IND,3903,BSP,387,174126,161885,87504,86601,21,,
36,Itahar,Uttar Dinajpur,218595,175094,87506,59729,INC,13831,RSP,8163,IND,1729,229362,193986,114645,70670,CPI,4908,IND,1692.0,AIMIM,831.0,241069,181291,97697,66928,RSP,10999,IND,2184,BSP,892,211422,202733,110488,100929,5,-0.2,-0.7
37,Kushmandi,Dakshin Dinajpur,209605,175447,77648,76908,RSP,9522,INC,4422,IND,1532,219921,184075,89968,77384,RSP,12571,BSP,1436.0,IND,1118.0,229908,183305,85929,81406,RSP,8983,IND,3548,BSP,781,205867,198703,108310,97553,4,-1.16,-3.4
38,Kumarganj,Dakshin Dinajpur,194397,162414,81518,62759,RSP,9517,INC,3666,IND,916,203986,170928,89763,60396,INC,17478,SUCI,1215.0,KPPU,951.0,210830,167028,88900,65861,RSP,6838,IND,2640,BSP,627,180385,172953,93373,87008,4,-0.07,-0.26
39,Balurghat,Dakshin Dinajpur,172399,146703,42277,81293,RSP,14816,INC,3145,IND,912,180390,152092,58693,72129,RSP,16153,BSP,1141.0,AMB,810.0,186430,149943,47467,89824,RSP,7427,IND,2518,BSP,566,166912,155729,84215,82683,14,,
40,Tapan,Dakshin Dinajpur,208358,178780,66483,89737,RSP,12485,INC,3752,IND,1190,220236,186309,82731,84381,RSP,12088,BSP,2146.0,BMUP,1315.0,227916,183912,76447,95548,RSP,5744,IND,2948,BSP,740,194914,185363,99485,95426,3,,
41,Gangarampur,Dakshin Dinajpur,212534,180647,70053,92138,RSP,8802,INC,3521,IND,1166,224040,189482,84132,88724,CPI(M),12273,BSP,1169.0,KPPU,1145.0,230823,183823,77013,93813,RSP,6382,IND,3695,BSP,704,200146,191119,103818,96318,10,,
42,Harirampur,Dakshin Dinajpur,215816,176255,79978,75013,RSP,9612,INC,4361,IND,2218,228189,187642,96131,73459,CPI(M),12444,IND,2936.0,BMUP,571.0,236965,184362,89799,79545,RSP,7708,IND,3363,BSP,820,211295,202843,108885,102402,8,-0.67,-1.8
43,Habibpur,Malda,240351,195407,53794,107630,INC,11399,CPIM,8473,IND,5909,249557,197989,74558,94075,CPI(M),13805,BMUP,5896.0,IND,3192.0,258521,198793,68497,105449,INC,10645,IND,9136,BSP,1046,238230,226056,120886,117339,5,,
44,Gazole,Malda,254060,210902,67180,108351,INC,18550,IND,6067,CPIM,5936,267096,221214,98857,100655,CPI(M),13950,BSP,1943.0,SUCI,1381.0,279524,221961,74200,113071,INC,25215,IND,5179,BSP,938,255085,242968,129859,125223,3,,
45,Chanchal,Malda,238228,187295,55144,48987,INC,64338,CPIM,12144,IND,3040,249402,199679,115966,48628,INC,31346,SUCI,1214.0,BSP,1050.0,258245,190381,66911,50623,INC,67265,IND,2457,BSP,770,244428,233527,126863,117560,5,-0.5,
46,Harischandrapur,Malda,238565,185470,63117,47490,INC,60605,CPIM,7500,IND,3147,252487,203153,122527,45054,INC,29396,IND,1945.0,BSP,1305.0,268499,198645,69766,49433,INC,74109,IND,2515,BSP,712,238850,226286,126029,112818,3,-0.3,
47,Malatipur,Malda,217884,170787,58794,35488,INC,64438,CPIM,4716,IND,3838,231907,185484,126157,34208,INC,19827,AIMIM,1643.0,BSP,1023.0,247229,181279,61799,36156,INC,77720,IND,2760,BSP,651,212691,201482,113524,99158,9,-0.17,
48,Ratua,Malda,263870,204450,76008,55027,INC,57913,CPIM,7222,IND,4304,282451,219148,130674,55024,INC,16173,IND,11442.0,WPOI,2102.0,295029,215202,58021,57908,INC,91880,IND,3618,APOI,768,246547,231606,130127,116413,7,-0.16,
49,Manikchak,Malda,240521,189069,47785,81809,INC,51920,IND,2883,SUCI(C),1151,253353,206991,110234,76356,INC,11555,IND,4220.0,BSP,1740.0,267704,197233,33371,82081,INC,73546,IND,3972,BSP,741,235765,223552,124739,111024,2,-0.49,
50,Maldaha,Malda,232997,197519,50480,104825,INC,27721,IND,5549,CPIM,4324,245962,206489,77942,93398,INC,26563,IND,3059.0,BMUP,1469.0,257238,207559,49040,112469,INC,37229,IND,5086,BSP,777,231348,218901,117002,114341,5,,
51,English Bazar,Malda,261143,215949,38478,132860,INC,37607,IND,2570,SUCI(C),1068,275296,215675,87656,107755,CPI(M),10953,IND,4333.0,BSP,1039.0,288416,228052,35414,134222,INC,51350,IND,3189,BSP,613,249137,230900,123959,125171,7,,
52,Mothabari,Malda,183788,145709,36764,43054,INC,61393,IND,1683,BSP,612,196324,163143,97397,40824,INC,16903,RSSCMJP,3585.0,IND,1244.0,208844,157147,31547,43101,INC,77235,IND,2916,BSP,512,169347,160981,86660,82681,6,0.04,
53,Sujapur,Malda,229436,178252,62558,18848,INC,91168,IND,2669,BSP,827,251186,207591,152445,14789,INC,22282,RSSCMJP,11173.0,IND,3127.0,268120,199628,45791,18094,INC,129420,IND,3938,BSP,687,236443,226252,120729,115707,7,-0.14,
54,Baisnabnagar,Malda,231386,195977,55146,81475,INC,52291,IND,2677,BSP,1016,246956,208652,83061,80590,INC,37443,IND,3571.0,BSP,2282.0,266048,211287,46966,87953,INC,68031,IND,3664,BSP,848,233865,223809,121683,112174,8,-6.13,
55,Farakka,Murshidabad,212526,174517,44528,46886,INC,76107,IND,2609,BSP,1015,227549,186424,102319,42374,INC,36205,IND,2329.0,RSSCMJP,1559.0,236863,180114,36931,47232,INC,87765,IND,4786,BSP,659,181659,174411,93170,88485,4,0.2,
56,Samserganj,Murshidabad,216790,175925,65115,29071,INC,73054,IND,3745,BSP,1136,235576,188582,96417,10800,INC,70038,CPI(M),6158.0,IND,846.0,248412,191091,69805,28848,INC,83619,IND,5073,BSP,994,161435,155042,78004,83430,1,1.27,
57,Suti,Murshidabad,244295,199501,94911,50957,INC,29290,CPIM,10209,WPOI,6589,265418,216328,127351,56650,INC,18760,IND,9476.0,SUCI,851.0,278286,209483,83094,54152,INC,63171,IND,2814,AISF,1762,229208,220200,121353,107854,1,-0.05,-0.54
58,Jangipur,Murshidabad,237835,194797,79527,66193,INC,28934,CPIM,9927,WPOI,3261,255064,198263,136444,43964,RSP,9067,IND,2336.0,SUCI,941.0,265229,207036,70542,73808,INC,54090,IND,3356,AISF,935,220859,211406,113009,107846,4,-0.14,
59,Raghunathganj,Murshidabad,231524,180545,93156,28727,INC,30598,CPIM,14964,WPOI,3816,249559,190478,126834,28521,IND,16244,INC,12799.0,SDPI,1361.0,262648,185798,77126,27057,INC,73369,IND,2925,SDPI,887,200452,194238,103911,96541,0,-0.04,-2.25
60,Sagardighi,Murshidabad,224187,179243,75374,41967,INC,40626,CPIM,12291,SDPI,3160,236885,186816,95189,44983,INC,36344,AIMIM,3450.0,BMUP,1656.0,246991,182443,82062,42742,INC,50289,IND,2512,SDPI,921,216977,206888,113465,103508,4,-0.4,-0.77
61,Lalgola,Murshidabad,219664,175728,65128,28172,INC,46588,CPIM,24757,WPOI,3520,234381,190438,107860,29464,INC,47153,IND,1691.0,SDPI,954.0,249102,185993,67607,29039,INC,81745,IND,2536,AISF,1472,186182,179554,94311,91868,3,0.18,
62,Bhagawangola,Murshidabad,248897,209077,93108,15421,INC,68136,CPIM,25911,IND,2305,263765,225990,153795,16707,CPI(M),47787,IND,1769.0,BSP,784.0,277458,222708,110857,18490,CPI(M),87081,AISF,1555,IND,1259,224618,217767,114659,109958,1,0.08,0.21
63,Raninagar,Murshidabad,243499,206267,94455,17435,INC,54993,CPIM,33725,IND,2029,256101,222016,134957,21138,INC,55255,RSSCMJP,2754.0,IND,2208.0,267431,219523,95589,20495,CPI(M),96310,AISF,1617,IND,1553,244391,236937,126493,117894,4,-0.19,
64,Murshidabad,Murshidabad,255966,218252,77567,80966,INC,39297,CPIM,12814,IND,2186,268221,229231,93476,95967,INC,28835,IND,4266.0,RSSCMJP,1442.0,278927,228546,86313,94164,CPI(M),40651,IND,2392,AISF,1056,248269,236600,126372,121896,1,,
65,Nabagram,Murshidabad,239814,198128,76574,51757,INC,48089,CPIM,13388,IND,3167,251378,208516,100455,64922,CPI(M),39129,SUCI,1381.0,,,263227,209746,81122,58322,INC,61484,IND,3450,AISF,671,243025,220497,124325,118697,3,-0.34,-0.55
66,Khargram,Murshidabad,218894,174974,77848,48374,INC,31429,CPIM,9914,IND,2559,228923,185936,93255,60682,INC,27423,CPI(ML)(L),1511.0,JD(U),1380.0,242073,186463,81896,54748,INC,42957,IND,2794,BSP,420,230464,203546,120073,110389,2,-0.54,-0.63
67,Burwan,Murshidabad,209343,165127,61712,29902,INC,65513,IND,2779,RSP,1616,217500,176803,81890,79141,INC,12260,IND,1504.0,,,226178,173122,62918,63476,INC,39064,IND,5304,BSP,582,214003,187895,111612,102386,5,-4.03,
68,Kandi,Murshidabad,225500,175096,59419,12592,INC,95290,IND,2932,RSP,861,238973,186481,95399,57319,INC,27555,IND,2453.0,JSTDVPMTP,360.0,250675,190056,72763,50003,INC,59808,IND,5050,BSP,544,233024,197931,120346,112675,3,-0.3,-0.61
69,Bharatpur,Murshidabad,234106,179017,81200,14395,INC,73511,IND,3593,RSP,2069,243603,189047,96226,53143,INC,30116,AMB,2581.0,AIMIM,2076.0,252311,187192,78514,39385,INC,59956,IND,6142,BSP,760,239184,213280,124672,114508,4,-0.56,-1.41
70,Rejinagar,Murshidabad,245869,194054,99691,23041,INC,64309,IND,2127,RSP,1848,259771,210445,118494,50226,INC,37282,SUCI,1338.0,IUML,1039.0,271524,208743,96834,50425,INC,54706,IND,4334,BSP,757,256267,238098,133771,122490,6,-0.41,-0.7
71,Beldanga,Murshidabad,238109,191442,83992,18790,INC,80904,IND,2154,RSP,1734,252944,204511,112862,59030,INC,26949,IND,2648.0,DSPI,1176.0,264818,206145,77122,50060,INC,72667,IND,3643,BSP,558,243984,227027,126928,117052,4,-0.42,-4.69
72,Baharampur,Murshidabad,250726,203136,41129,25165,INC,130190,RSP,1672,IND,1233,260667,197607,62488,89340,INC,40167,BSP,1088.0,SUCI,1038.0,267792,212480,46994,76474,INC,83401,IND,2834,BSP,469,240830,220889,118741,122079,10,,
73,Hariharpara,Murshidabad,234385,198001,87139,14538,INC,67329,CPIM,22616,SUCI(C),2025,247421,216075,102660,18378,INC,88594,IND,3601.0,SUCI,1725.0,257478,207185,97299,24320,CPI(M),74917,AISF,4881,IND,1470,245484,234707,126586,118890,8,-1.32,-1.23
74,Nowda,Murshidabad,234725,188185,82743,17346,INC,79863,RSP,3542,IND,1554,247688,202349,117684,43531,INC,31588,IND,6993.0,HAMS,893.0,256126,203243,88485,40547,INC,68569,IND,3375,BSP,549,235737,220791,122837,112898,2,-0.25,-0.88
75,Domkal,Murshidabad,252477,207106,84808,10271,INC,71112,CPIM,35719,IND,2041,266283,226183,127671,12348,CPI(M),80442,IND,1810.0,JSTDVPMTP,679.0,276615,222656,108805,12065,CPI(M),95334,IND,1408,AISF,1344,267374,257829,137988,129383,3,-0.67,-2.61
76,Jalangi,Murshidabad,248597,207038,79434,34941,INC,54757,CPIM,32268,IND,1955,261258,222167,123840,43773,CPI(M),44564,IND,4918.0,AIMIM,1338.0,272307,219618,89482,40473,CPI(M),83724,AISF,1442,IND,1431,262787,252354,136138,126647,2,-0.38,-5.69
203,Tamluk,Purbo Medinipur,255631,218604,93680,87132,CPIM,27958,SUCI(C),2780,INC,2130,266881,236031,108243,107450,CPI,14718,SUCI,2756.0,IND,1536.0,278505,238729,97937,118398,CPI(M),15533,SUCI,2447,IND,1309,274508,254277,139883,134618,7,-23.01,
204,Panskura Purba,Purbo Medinipur,227382,180812,79437,72057,CPIM,21054,INC,2676,IND,1297,236306,198400,91213,81553,CPI(M),20717,SUCI,1458.0,IND,980.0,244857,199935,88528,91249,CPI(M),13050,AISF,2674,IND,1393,238519,219509,122702,115811,6,-2.19,
205,Panskura Paschim,Purbo Medinipur,262497,214731,94683,97528,CPI,13074,INC,5194,BSP,1038,274092,234141,111705,102816,CPI,15124,SUCI,1239.0,IND,1103.0,286556,231779,108239,108415,CPI,10390,IND,1092,BSP,980,278744,256194,143192,135551,1,-2.48,
206,Moyna,Purbo Medinipur,245071,208713,100880,88497,CPIM,12389,INC,2488,IND,1241,255164,224434,106849,108109,INC,5108,SUCI,1674.0,BSP,766.0,268091,225312,101953,111901,CPI(M),6836,AISF,1473,IND,953,264971,243455,137302,127667,2,,
207,Nandakumar,Purbo Medinipur,244679,211040,97474,82116,CPIM,24918,INC,2065,IND,1291,253829,227275,108181,102775,CPI(M),12782,SUCI,1349.0,IND,715.0,267319,230342,102811,110754,CPI(M),12144,AISF,1647,IND,1101,264437,247196,136102,128332,3,-3.68,
208,Mahisadal,Purbo Medinipur,235375,204768,96215,79299,CPIM,21835,INC,2428,IND,1422,245266,219355,101986,99600,RSSCMJP,13796,IND,1226.0,SUCI,982.0,256509,220820,96545,105999,CPI(M),11791,AISF,3105,IND,1265,253523,236005,129878,123643,2,-6.98,
209,Haldia,Purbo Medinipur,239256,211838,125296,61475,CPIM,18355,INC,2379,IND,1082,251051,220823,89118,104126,CPI(M),22688,BSP,1922.0,SUCI,1556.0,263461,226527,92271,110772,CPI(M),17846,AISF,1599,IND,1528,251919,237434,129419,122487,13,,
210,Nandigram,Purbo Medinipur,247252,208141,130659,62268,CPIM,9353,INC,1788,IND,1142,257999,228405,108808,110764,CPI(M),6267,IND,1236.0,SUCI,240.0,274621,226549,103910,112110,CPI(M),7574,IND,870,AISF,498,266415,250377,138934,127480,1,,
211,Chandipur,Purbo Medinipur,237527,205254,99573,84110,CPIM,17119,INC,1891,SHS,629,245775,220327,109770,96298,CPI(M),9837,WBSP,1365.0,BSP,1254.0,258965,223258,106733,107575,INC,6136,IND,1141,SUCI,347,255924,239391,132659,123265,0,-1.42,
212,Patashpur,Purbo Medinipur,227964,197122,99048,84693,CPIM,8757,INC,2239,SHS,474,236413,208827,105299,95305,CPI,6631,SUCI,731.0,,,248377,211969,106823,98215,INC,4344,IND,1077,SUCI,326,247037,229695,128328,118708,1,-2.09,-2.06
213,Kanthi Uttar,Purbo Medinipur,248773,215331,105033,91959,CPIM,11891,INC,3125,SHS,716,257427,228416,104194,113524,CPI(M),6504,IND,1731.0,SUCI,773.0,266895,229176,107259,114358,INC,4089,IND,1532,SUCI,371,263602,246916,136573,127029,0,,
214,Bhagabanpur,Purbo Medinipur,245649,213298,117197,79806,CPIM,11750,INC,1999,SHS,532,254184,222650,93931,121480,INC,5274,SUCI,946.0,,,265460,224722,108428,109013,INC,4466,IND,1094,SUCI,447,263775,245522,137073,126700,2,,
215,Khejuri,Purbo Medinipur,228220,199639,96506,90953,CPIM,7215,INC,2208,SHS,625,238630,212621,92442,110407,CPI(M),7812,SUCI,824.0,,,250390,215043,94365,114648,INC,3030,IND,1289,SUCI,328,247976,233965,129500,118476,0,,
216,Kanthi Dakshin,Purbo Medinipur,216913,182655,93792,74777,CPIM,8712,INC,2718,SUCI(C),548,224657,194681,88184,98477,CPI,6014,SUCI,1136.0,,,233334,194492,83901,102675,INC,4768,IND,1213,SUCI,458,227954,209285,115841,112113,0,,
217,Ramnagar,Purbo Medinipur,255101,208451,100084,92318,CPIM,10558,INC,2609,SHS,681,264900,222060,112622,100105,CPI(M),6751,SUCI,944.0,RTORP,405.0,274237,220732,102254,111422,INC,3904,IND,1284,BSP,259,269252,242381,137559,131690,3,-1.62,
218,Egra,Purbo Medinipur,275267,226939,100815,109509,CPI,8977,INC,2331,AMB,1120,284614,240817,125763,107272,INC,5086,SUCI,1303.0,,,298516,239572,109357,118355,CPI,6912,IND,1666,SUCI,971,291598,266783,150273,141325,0,-1.4,
219,Dantan,Paschim Medinipur,224882,190020,85724,92413,CPI,5883,AMB,1127,INC,909,233841,197798,95209,94586,CPI,5652,SUCI,1101.0,,,243166,195726,96274,89940,CPI,4626,IND,1751,SUCI,1096,236168,217015,122382,113786,0,-30.85,-3.36
223,Keshiary,Paschim Medinipur,231170,204919,89158,100032,CPI,7545,BSP,1400,INC,1330,238835,212681,106366,91036,CPI(M),9270,BSP,1904.0,SUCI,1535.0,248705,211852,102841,95059,CPI,7031,IND,2494,SUCI,1427,238769,222509,122435,116334,0,-0.64,-1.37
224,Kharagpur Sadar,Paschim Medinipur,225483,163236,48293,93425,INC,8274,CPI,8156,AMB,837,234672,171385,75836,79607,INC,10791,HUMP,1701.0,SUCI,807.0,239710,167127,65816,87722,CPI,8463,IND,1613,BSP,828,180530,160148,88980,91542,8,,
225,Narayangarh,Paschim Medinipur,234754,207217,88574,97324,CPI,11568,SUCI(C),2336,INC,1924,243832,217750,100894,98478,CPI(M),13229,SUCI,2833.0,IND,560.0,252770,218623,106437,95823,CPI,8981,SUCI,2692,IND,2197,239064,224003,122439,116625,0,-2.59,-0.51
226,Sabang,Paschim Medinipur,255603,218850,94798,88628,CPI,19318,INC,11657,SUCI(C),1383,264783,236201,112098,102234,INC,17443,SUCI,1482.0,AMB,1410.0,276873,237173,128024,95341,CPI,9466,BSP,1120,SUCI,1011,274383,254902,141833,132549,1,-1.9,-0.54
227,Pingla,Paschim Medinipur,245184,216049,99760,98062,CPI,9893,INC,3950,BSP,1297,255054,228669,112435,105779,INC,7103,SUCI,1279.0,,,265243,230183,118627,98714,CPI,8340,BSP,1132,IND,1028,255892,241229,130604,125287,1,-1.89,-0.55
228,Kharagpur,Paschim Medinipur,215957,189189,89677,80210,CPI,10116,INC,2081,AMB,1444,227081,200044,109727,73497,CPI(M),11245,HUMP,1690.0,SUCI,954.0,238876,204461,108911,76673,CPI,10149,IND,4554,SUCI,1391,218142,207279,109810,108328,4,-0.2,-0.09
229,Debra,Paschim Medinipur,226402,194573,80599,84618,CPI,21636,INC,3406,BSP,1057,234184,204866,95850,84624,CPI(M),20723,SUCI,1509.0,IND,807.0,239845,203744,94559,88793,CPI,16187,BSP,1038,IND,1016,231898,215712,116447,115448,3,-0.97,-2.08
230,Daspur,Paschim Medinipur,289255,212190,99246,89306,CPI,17569,INC,2352,BSP,1004,298096,222464,114753,87911,CPI(M),17045,SUCI,1387.0,,,308266,228404,113690,97179,CPI,13487,BSP,975,IND,906,296045,250454,149903,146142,0,-1.04,-1.34
231,Ghatal,Paschim Medinipur,270452,216655,103331,97465,CPI,8156,INC,2871,BSP,1274,279908,225375,104846,105812,CPI(M),10165,SUCI,2008.0,IND,1239.0,288558,227884,109289,104884,CPI,8582,IND,1417,BSP,1193,276569,240228,141189,135380,0,,-2.8
232,Chandrakona,Paschim Medinipur,268273,234203,106800,103169,CPIM,14827,INC,3509,RAJSP,982,279867,249315,121846,110565,RSSCMJP,10801,IND,1670.0,SUCI,1527.0,290111,250370,119878,111843,CPI(M),12899,IND,2746,BSP,581,282820,263419,145000,137820,0,-1.25,-1.62
233,Garbeta,Paschim Medinipur,222893,197067,84517,91328,CPIM,10343,INC,3294,BSP,1535,232046,207681,94928,84356,CPI(M),23042,SUCI,1803.0,IND,833.0,243407,210718,106763,83566,CPI(M),9685,IND,4102,AISF,2298,232881,220701,119647,113233,1,-1.23,-0.43
234,Salboni,Paschim Medinipur,265395,237461,112431,103706,CPIM,11024,INC,2894,BSP,1366,276940,249195,126020,93376,CPI(M),19859,IND,5045.0,AMB,1609.0,289505,251783,132226,93965,CPI(M),14715,IND,5088,BSP,1464,279304,264641,140943,138359,2,-0.47,-0.34
235,Keshpur,Paschim Medinipur,250609,213552,144990,52916,CPI,7297,INC,3363,BSP,1104,261529,230232,116992,96272,CPI(M),13670,,,,,276972,234283,162130,58772,CPI,7947,BSP,1478,IND,1243,268034,252944,139086,128948,0,-1.1,-0.18
236,Medinipur,Paschim Medinipur,266723,225457,93731,110372,CPI,9987,INC,3920,AMB,1497,280060,238898,121175,96778,CPI,12984,AMB,1565.0,SUCI,1500.0,291462,237293,109926,107756,CPI,11183,IND,3555,SUCI,1368,260295,240929,128848,131447,0,-0.08,-1.68
220,Nayagram,Jhargram,218673,183105,80978,84316,CPIM,7305,INC,2260,BSP,1599,226791,192354,100903,78149,CPI(M),5863,BSP,1858.0,IND,1806.0,237323,187190,96788,72523,CPI(M),6246,IND,5782,BSP,2007,226894,205679,116484,110409,1,-0.59,-0.76
221,Gopiballavpur,Jhargram,219464,187894,82205,89034,CPIM,6128,INC,2516,BSP,1639,226417,199070,104115,80347,CPI(M),5819,IND,4738.0,BSP,1260.0,235733,198733,101255,78886,CPI(M),6594,IND,6076,BSP,1809,227793,211301,115030,112763,0,-0.51,-0.56
222,Jhargram,Jhargram,226039,188364,82169,83812,CPIM,9571,INC,2973,JKP(N),1816,236035,201797,109493,71253,CPI(M),10430,IND,3410.0,BSP,1802.0,246403,203423,96608,82507,CPI(M),10448,IND,5825,JKPP,2526,235147,217817,116849,118294,4,-0.42,-1.02
237,Binpur,Jhargram,216607,179450,76197,73138,CPIM,10301,IND,5715,INC,3558,224036,188798,100277,60783,IND,10818,CPI(M),8353.0,BSP,3530.0,232161,189937,94318,70376,CPI(M),8713,IND,6614,JKPP,3393,221125,205690,110250,110873,2,-0.43,-0.66
238,Bandwan,Purulia,272796,227965,95069,98039,CPIM,20707,INC,3217,JKP(N),2585,284840,241055,113337,94506,CPI(M),22204,IND,5067.0,BSP,2987.0,297903,242018,112174,84730,CPI(M),20449,JKPP,11588,IND,6475,285966,264090,145379,140587,0,-1.22,-0.8
239,Balarampur,Purulia,224419,187498,64950,100419,INC,6709,AIFB,5062,IND,3239,238113,197965,89098,89521,INC,8895,APOI,2153.0,SUCI,1793.0,250992,201169,84768,83618,IND,16715,INC,9775,AIFB,1268,235388,218228,122322,113063,3,,-14.83
240,Baghmundi,Purulia,237261,197367,47604,100312,INC,29518,AIFB,10012,IND,3247,249613,206303,75905,0,AJSUP,61936,INC,51046.0,AIFB,11842.0,266737,210992,72153,83393,INC,29589,IND,16073,AIFB,4653,250657,228273,129747,120906,4,-1.57,
241,Joypur,Purulia,236634,194752,56343,88087,INC,26989,AIFB,13369,IND,2741,249621,202767,0,74380,INC,62180,IND,39997.0,AIFB,19413.0,267305,211525,78783,72222,IND,27852,INC,24387,AIFB,3249,253825,231691,132130,121693,2,,-3.07
242,Purulia,Purulia,243871,196318,66252,102749,AIFB,9994,INC,8892,IND,2665,258947,206868,82715,89733,INC,24996,IND,4204.0,SUCI,1209.0,271592,208494,70287,92666,INC,21445,IND,18378,AIFB,1084,251816,228498,128610,123203,3,,
243,Manbazar,Purulia,244314,203256,93897,83314,AIFB,13440,INC,2935,IND,2596,253708,213729,103298,87782,CPI(M),16849,BSP,1905.0,IND,1604.0,265818,211406,95653,80282,INC,16874,IND,12232,AIFB,1696,255460,234333,129457,126002,1,-1.33,-1.49
244,Kashipur,Purulia,227805,187178,74925,91079,AIFB,7368,INC,3741,IND,2618,238871,194892,85551,92938,CPI(M),10927,SUCI,2269.0,AMB,806.0,247248,191791,81834,79968,INC,13513,IND,10414,AIFB,1160,229552,209856,116541,113011,0,,-9.68
245,Para,Purulia,231580,185873,58814,100056,AIFB,9048,INC,5582,IND,3615,243906,194021,83340,87347,CPI(M),13681,IND,2423.0,SUCI,1897.0,255933,193219,75847,84097,INC,12982,IND,12742,SUCI,1390,236120,214893,123039,113081,0,,
246,Raghunathpur,Purulia,248226,203215,67199,109832,CPIM,11972,IND,4983,SHS,1788,259434,214690,90332,95770,CPI(M),14738,IND,4757.0,SUCI,3829.0,273046,211242,91780,91325,CPI(M),14781,IND,4315,SUCI,1617,254023,233498,129612,124410,1,,-48.91
247,Saltora,Bankura,224497,192282,74017,89073,CPIM,14117,IND,7325,BNARP,1448,232517,202413,87503,91648,CPI(M),14084,BMUP,3554.0,SUCI,2261.0,242924,202595,92657,81557,CPI(M),14643,IND,4874,BSP,1602,233175,216876,120047,113128,0,,-1.29
248,Chhatna,Bankura,232894,186929,64479,95661,CPIM,11608,IND,7028,BNARP,1488,242270,196836,83069,90233,RSP,9700,IND,7504.0,BMUP,1838.0,253116,196849,89912,84255,CPI(M),11064,IND,4314,APOI,1221,242151,219389,124236,117915,0,,-3.98
249,Ranibandh,Bankura,244861,203852,78142,93956,CPIM,17002,IND,5662,BNARP,1433,253359,211170,90928,86989,CPI(M),20057,IND,4807.0,SUCI,1633.0,263716,214410,90299,84547,CPI(M),21076,IND,9709,APOI,1766,254570,233695,128697,125873,0,-5.72,-3.35
250,Raipur,Bankura,216034,185822,80423,83774,CPIM,11773,IND,3681,SHS,1197,224604,194476,101043,81645,RSSCMJP,6593,IND,1161.0,SUCI,1048.0,231024,194450,94729,77235,CPI(M),11369,IND,5754,APOI,1028,224120,207714,113171,110949,0,-0.68,-0.76
251,Taldangra,Bankura,225032,190672,70558,87826,CPIM,20908,IND,4589,SHS,1365,233291,203186,92026,79649,CPI(M),23189,IND,3465.0,SUCI,986.0,242320,201370,90790,82307,CPI(M),16525,IND,5487,APOI,1139,235685,216877,120446,115239,0,-1.11,-1.83
252,Bankura,Bankura,257362,204713,65304,112080,CPIM,15519,IND,4890,BNARP,1082,269829,217986,93998,95466,INC,13764,IND,6708.0,SUCI,1720.0,278992,216890,87298,103610,CPI(M),15076,IND,3634,BSP,1158,260886,235632,130714,130172,0,,
253,Barjora,Bankura,243338,207783,80116,91736,CPIM,24114,IND,3086,INC,2302,250729,219452,93290,90021,CPI(M),25235,IND,3472.0,BMUP,1371.0,261460,218831,87529,101567,CPI(M),20410,SUCI,2503,IND,1769,251402,233276,128366,123035,1,-4.23,
254,Onda,Bankura,244131,210147,80415,106788,CPIM,10025,IND,3625,BMUP,2258,256906,225759,93389,104940,AIFB,15613,IND,4442.0,SUCI,984.0,270555,225273,98954,104894,CPI(M),10919,SUCI,3140,IND,1793,262408,244197,134404,128004,0,,
255,Bishnupur,Bankura,208397,180899,66988,89806,CPIM,14557,IND,2375,INC,2238,219284,191469,78269,89689,INC,15814,IND,2278.0,SUCI,1015.0,229304,193974,79683,94725,CPI(M),12653,SUCI,1955,IND,1277,220284,205811,111531,108753,0,,
256,Katulpur,Bankura,237060,211585,88808,97907,CPIM,14972,INC,3146,IND,2013,246785,224123,94237,106022,INC,17757,BSP,2519.0,SUCI,1732.0,255451,224999,98604,104935,CPI(M),14755,SUCI,2175,BSP,1175,253697,237816,129495,124201,1,,
257,Indus,Bankura,234969,206128,84591,98184,CPIM,13082,INC,2513,IND,2474,242938,218453,97716,104936,CPI(M),12619,,,,,249884,219648,106056,96909,CPI(M),9752,SUCI,2208,BSP,1320,245267,230576,124899,120368,0,,-1.19
258,Sonamukhi,Bankura,224381,196517,75148,98983,CPIM,12064,IND,2928,BMUP,2007,233059,207739,87273,98161,CPI(M),15725,SUCI,2772.0,IND,1732.0,241651,208217,89091,100705,CPI(M),10902,SUCI,2069,BSP,1383,235770,219973,120586,115184,0,,
275,Pandabeswar,Paschim Bardhaman,199797,157086,64275,70296,CPIM,11583,INC,2461,BMUP,2407,211960,164291,73922,70119,CPI(M),12196,IND,2781.0,BSP,1137.0,217780,166465,94707,54682,CPI(M),11555,IND,2128,BSP,1198,188390,173583,97444,90945,1,-2.44,-0.18
276,Durgapur Purba,Paschim Bardhaman,244625,193739,63864,90455,CPIM,28297,INC,5586,BSP,1515,256531,192674,79303,75557,CPI(M),29063,IND,3248.0,BSP,1240.0,264339,200372,85390,83697,CPI(M),24669,IND,1409,BSP,1009,237127,213580,118400,118726,1,-5.58,-7.8
277,Durgapur Paschim,Paschim Bardhaman,256653,201052,59642,109153,CPIM,22011,INC,4341,BSP,1484,269303,196902,76522,91186,INC,18030,IND,4827.0,BSP,1228.0,276955,207561,85430,97112,CPI(M),18140,IND,1714,BSP,925,238700,215474,121281,117415,4,,
278,Raniganj,Paschim Bardhaman,238858,183486,61172,92882,CPIM,18436,INC,2713,IND,2065,250813,182211,78164,74608,CPI(M),21688,JD(U),1612.0,BMUP,1609.0,257785,190105,83685,79233,CPI(M),21326,IND,2168,BSP,1158,215994,195302,110971,105021,2,-3.68,-1.17
279,Jamuria,Paschim Bardhaman,208928,161984,57999,76051,CPIM,15549,INC,2488,IND,2365,221419,166703,71002,62951,CPI(M),24818,BSP,2409.0,BMUP,1686.0,232932,171489,77209,65338,CPI(M),22150,IND,2552,BSP,1445,196545,180409,102051,94492,2,-1.7,-0.75
280,Asansol Dakshin,Paschim Bardhaman,258438,195073,57201,111021,CPIM,14394,INC,3126,IND,2696,274245,194737,83394,87881,CPI(M),15972,BSP,2867.0,BMUP,1157.0,284852,204990,84582,96739,CPI(M),16897,IND,2326,BSP,1317,239030,214482,122533,116492,5,,
281,Asansol Uttar,Paschim Bardhaman,256257,195551,77706,98020,CPIM,9843,INC,2878,IND,1744,275796,192907,100931,79821,RSSCMJP,4471,IND,2312.0,AIMIM,1514.0,285879,202629,94825,90458,CPI(M),11772,IND,1827,BSP,883,236858,209122,120386,116471,1,-0.77,-1.49
282,Kulti,Paschim Bardhaman,238421,178078,55825,105176,CPIM,5987,INC,3121,IND,2638,251671,174767,80433,81112,INC,5795,IND,2003.0,BSP,1047.0,257251,186549,79055,94108,CPI(M),7183,IND,2011,BSP,1084,210553,189224,109712,100837,4,,
283,Barabani,Paschim Bardhaman,215166,165974,61406,79281,CPIM,11761,INC,4232,IND,2109,225596,169207,88430,64973,INC,8962,IND,2156.0,SUCI,985.0,235396,174105,89042,63519,CPI(M),14571,IND,2360,BSP,1461,201898,183768,102600,99295,3,-0.62,-0.38
284,Dubrajpur,Birbhum,231245,195949,80954,95466,CPIM,7159,INC,2485,RVNP,2471,241742,204599,94220,98083,AIFB,6014,BMUP,2032.0,BSP,1093.0,252407,208185,102935,84655,INC,10576,IND,3334,SUCI,1023,231503,218956,120292,111210,1,,-0.59
285,Suri,Birbhum,252702,214409,91097,100228,CPIM,10120,INC,4336,RVNP,2198,263557,218590,105871,98551,INC,8267,SUCI,2084.0,BSP,1318.0,272439,225052,106922,94423,INC,14672,IND,2761,APOI,1057,252071,236014,127171,124900,0,-2.38,-0.88
286,Bolpur,Birbhum,259221,222034,106172,90560,CPIM,14076,INC,4675,RVNP,2255,273896,230260,116443,94163,RSP,9965,PRDSEP,1938.0,BSP,1239.0,285141,233236,129462,81115,CPI(M),16202,IND,1056,BSP,929,260112,244037,131040,129064,8,-0.62,-0.22
287,Nanoor,Birbhum,265937,225545,108717,90986,CPIM,14129,INC,4038,RVNP,2406,276777,235328,112116,105446,CPI(M),12878,BSP,2739.0,,,287769,231581,148830,66620,CPI(M),9512,BSP,1109,IND,1015,269082,251484,137576,131502,4,-2.42,-0.24
288,Labpur,Birbhum,230037,202817,94515,90712,CPIM,8217,INC,3284,RVNP,2316,240044,212027,108423,90448,CPI(M),6479,IND,1992.0,BSP,922.0,246267,211870,124031,75648,CPI(M),7231,IND,934,BSP,740,234630,221233,120302,114326,2,-0.51,-0.19
289,Sainthia,Birbhum,246472,215575,96795,97010,CPIM,8041,INC,4858,RVNP,2445,255959,221866,110572,95329,CPI(M),10369,BSP,2098.0,SUCI,1756.0,266895,227264,119460,84223,INC,13308,IND,3380,APOI,1288,251997,239422,127499,124497,1,-1.15,-0.35
290,Mayureswar,Birbhum,223558,191604,85501,87260,CPIM,9773,INC,3917,RVNP,1643,230682,199425,100425,88350,RSSCMJP,5562,BSP,2285.0,,,240511,200446,101634,80882,CPI(M),13052,BSP,967,IND,823,225874,211960,113597,112273,4,-1.04,-0.55
291,Rampurhat,Birbhum,248898,211736,85049,98174,CPIM,13666,INC,5610,RVNP,2084,260812,217323,103276,94804,CPI(M),11707,BAHUMP,1608.0,BSP,1587.0,271645,223900,97579,90618,INC,25609,IND,3343,APOI,1233,245159,231749,121631,123527,1,-1.7,-1.13
292,Hansan,Birbhum,236309,199735,91351,61441,CPIM,20040,INC,19831,RVNP,1888,248113,210606,108289,57676,INC,39815,SUCI,1229.0,BSP,1177.0,259674,210802,94405,55447,INC,52643,IND,2491,AIAM,1328,237273,225220,120644,116625,4,-0.29,-0.37
293,Nalhati,Birbhum,232375,198566,89970,62589,INC,20276,CPIM,19396,RVNP,1856,244837,207696,117438,60533,AIFB,21328,IND,2279.0,BMUP,1586.0,257726,207424,87340,60914,INC,52276,IND,2221,APOI,915,231681,221557,118102,113572,7,-0.24,-0.53
294,Murarai,Birbhum,251211,211153,118210,48807,CPIM,18251,INC,18055,RVNP,2229,263200,217917,146496,48250,INC,17287,SUCI,1857.0,BSP,1640.0,278661,218421,106331,47481,INC,56488,IND,2492,APOI,1206,252004,242125,129432,122571,1,-0.25,-0.48
77,Karimpur,Nadia,241366,206242,87513,73173,INC,22097,CPIM,17609,IND,1554,251039,221506,110911,87336,CPI(M),17185,IND,2005.0,SUCI,1469.0,260373,218980,93329,81006,CPI(M),39716,IND,1439,BLRP,576,252844,238887,130536,122305,3,-0.74,-1.62
78,Tehatta,Nadia,244796,204911,87369,89430,CPIM,18087,INC,5181,IND,1450,252454,218109,97848,90933,CPI(M),23239,BSP,1876.0,IND,1839.0,261821,214810,86233,94589,CPI(M),28459,IND,3256,BSP,811,252431,230545,131243,121184,4,-1.8,
79,Palashipara,Nadia,232409,187582,95195,59135,CPIM,20605,INC,5730,SUCI(C),2771,244867,203385,110274,58938,CPI(M),26228,IND,2905.0,SUCI,1696.0,252634,197580,97667,63567,CPI(M),29364,IND,3317,SUCI,1862,231620,213229,122063,109553,4,-0.19,-0.46
80,Kaliganj,Nadia,234435,194775,99839,62611,CPIM,18932,INC,6492,IND,1899,248358,209379,111696,64709,INC,25076,IND,2419.0,BSP,1567.0,253579,200681,94018,63245,CPI(M),36698,IND,4040,SUCI,683,232460,217164,121552,110905,3,-0.17,-0.54
81,Nakashipara,Nadia,235260,196804,87893,82813,CPIM,15978,INC,4445,IND,1825,247691,209570,104812,83541,IND,11277,CPI(M),5365.0,BSP,1080.0,256405,205350,90441,84342,CPI(M),24373,IND,3579,AISF,807,218669,201175,115752,102914,3,0.39,0.68
82,Chapra,Nadia,237345,195142,104975,55603,CPIM,20324,INC,8178,IND,1594,248014,213175,73866,58168,IND,61748,CPI(M),11722.0,RSSCMJP,3865.0,258821,202797,113538,56663,CPI(M),25084,IND,4104,AISF,1581,232057,208967,123420,108637,0,0.35,-0.11
83,Krishnanagar Uttar,Nadia,230159,196357,62324,115875,CPIM,10506,INC,2409,IND,1729,238220,201805,74268,109357,INC,11407,PMPT,1460.0,IND,1377.0,246385,202109,65568,119038,CPI(M),11848,IND,2973,BSP,737,216456,198966,109610,106841,5,,
84,Nabadwip,Nadia,237432,202229,88421,84357,CPIM,22368,INC,3004,BSP,1016,243159,210589,102170,83599,CPI(M),18540,BSP,1617.0,IND,1183.0,251525,208256,92208,86652,CPI(M),24346,SUCI,1337,IND,1258,230011,214991,118182,111826,3,-0.24,-1.21
85,Krishnanagar Dakshin,Nadia,217294,185760,76057,82781,CPIM,15584,INC,5681,IND,1873,225118,195685,91738,82433,CPI(M),15606,IND,1658.0,BSP,1217.0,232954,192515,77246,86184,CPI(M),23237,IND,3485,BSP,829,209781,194970,109405,100374,2,0.08,
86,Santipur,Nadia,241946,209543,77587,112599,CPIM,11628,INC,3472,BSP,1048,255619,219692,93844,109722,INC,9848,BSP,1294.0,PMPT,1099.0,258315,214564,80876,110823,CPI(M),17526,IND,1874,BSP,1146,227477,211258,118363,109105,9,,
87,Ranaghat Uttar Paschim,Nadia,254878,215193,74568,119000,CPIM,14121,INC,3245,BSP,996,265846,223193,90509,113637,INC,10345,IND,3363.0,BSP,1312.0,267218,219915,81087,115286,CPI(M),17816,IND,1698,SUCI,1291,232716,214820,119177,113531,8,,
88,Krishnaganj,Nadia,264311,221571,83729,121236,CPIM,10131,INC,2052,BSP,1842,273728,231938,96391,117668,CPI(M),10913,BSP,1801.0,PMPT,1380.0,282086,229023,91755,118880,CPI(M),12761,IND,1686,BSP,1508,253036,227353,132520,120515,1,,
89,Ranaghat Uttar Purba,Nadia,253927,203317,73611,116837,CPIM,6633,INC,2449,BSP,1168,264929,214736,85004,116786,RSSCMJP,5204,IND,2293.0,BSP,2117.0,273964,213447,79135,118534,CPI(M),10347,BSP,1641,IND,1625,232399,208206,122368,110022,9,,
90,Ranaghat Dakshin,Nadia,274689,227997,79676,124607,CPIM,13913,INC,4919,BSP,1293,285180,241687,102745,119260,CPI(M),15124,BSP,1666.0,SUCI,1315.0,292695,237831,86632,123568,CPI(M),21219,IND,1876,BSP,1469,253346,230520,130916,122428,2,,
91,Chakdaha,Nadia,235069,199105,71144,101131,CPIM,18668,INC,4037,BSP,1173,245514,212064,87688,99368,CPI(M),17812,IND,3031.0,BNARP,1683.0,251796,208960,80583,104303,CPI(M),18955,IND,1347,BSP,1314,223981,208146,115182,108796,3,,
92,Kalyani,Nadia,245185,205347,86236,93292,CPIM,16893,INC,2848,IND,2091,257683,220338,94820,97026,CPI(M),22165,BSP,1661.0,IND,1416.0,267200,219280,94258,104680,INC,11707,IND,4100,BSP,1410,230489,213571,117783,112699,7,,
93,Haringhata,Nadia,231665,200638,84899,94366,CPIM,13454,INC,2837,IND,2028,240606,210874,82466,97666,CPI(M),24800,IND,2136.0,BSP,1153.0,247269,206776,87769,98538,INC,7258,AISF,6476,IND,4387,225109,211197,116952,108152,5,,
94,Bagda,North 24 Parganas,268570,207954,85283,109740,CPIM,6957,INC,1972,IND,1608,277464,218791,98319,108111,INC,8250,BSP,2240.0,IND,851.0,286228,216798,92090,112704,INC,4839,IND,3389,AISF,1811,240989,215709,126236,114747,6,,
95,Bangaon Uttar,North 24 Parganas,242070,197041,76188,104558,CPIM,9868,INC,2357,IND,1520,251387,205175,87273,97761,CPI(M),14051,IND,2381.0,BSP,1082.0,264506,209954,84818,109848,INC,7066,IND,3717,AISF,2420,225962,209263,116517,109424,21,,
96,Bangaon Dakshin,North 24 Parganas,237407,195491,76628,105156,CPIM,8212,INC,1671,IND,1350,248278,207834,95824,97828,CPI(M),10069,SUCI,953.0,BSP,820.0,260962,210552,89780,108457,INC,4956,IND,3503,AISF,1873,228359,210616,117928,110425,6,,
97,Gaighata,North 24 Parganas,240980,202101,73974,109922,CPIM,11815,INC,2113,IND,1345,252053,213243,91230,100808,CPI,14838,IND,2759.0,BSP,1385.0,263486,218906,88186,115191,INC,7671,IND,3459,AISF,1490,222723,207311,113921,108799,3,,
98,Swarupnagar,North 24 Parganas,238755,195894,92174,68203,CPIM,22797,INC,8754,IND,1435,246109,211804,99784,64984,CPI(M),43282,IND,1677.0,SUCI,821.0,251641,205626,106752,67534,INC,21362,AISF,4279,IND,3851,228965,217517,119447,109516,2,-0.16,-0.3
99,Baduria,North 24 Parganas,235543,200572,96216,56310,INC,29289,CPI,13831,IND,2308,243747,212883,109701,53257,INC,45231,BSP,1278.0,IND,844.0,251768,213485,109296,58734,AISF,20281,CPI(M),18798,IND,4232,236162,225913,122187,113971,4,-0.23,-0.25
100,Habra,North 24 Parganas,234596,194858,77858,97310,AIFB,10115,INC,3047,BSP,1311,242425,204171,90533,86692,CPI(M),21994,BSP,1125.0,IND,1115.0,249860,207186,82156,102089,AIFB,9314,AISF,8336,IND,1685,208822,197128,107658,101156,8,1.83,
101,Ashoknagar,North 24 Parganas,241160,202977,93109,79592,AIFB,19423,INC,4082,BSP,1655,257180,216724,93587,70055,RSSCMJP,45795,IND,2606.0,GMM,1278.0,266951,220672,97801,84707,AISF,21183,AIFB,11322,IND,1854,229506,218054,117314,112185,7,-0.06,0.2
102,Amdanga,North 24 Parganas,230566,195051,98653,62087,CPIM,25352,IND,3554,INC,3233,242462,211742,88935,63455,RSSCMJP,50905,IND,3028.0,BSP,1038.0,251591,213236,104500,69227,CPI(M),16811,AISF,16457,IND,3464,221207,212425,115380,105823,4,-0.03,0.02
103,Bijpur,North 24 Parganas,185513,131884,51016,58912,CPIM,14385,IND,3238,INC,1875,192316,139096,66625,53278,CPI(M),14490,SUCI,1542.0,IND,1056.0,191752,138491,64742,55071,CPI(M),13778,IND,2498,BSP,445,158096,143678,80060,78032,4,-0.34,-0.54
104,Naihati,North 24 Parganas,188562,151375,64375,65601,CPIM,13361,IND,3282,INC,2093,193930,156468,77753,58898,CPI(M),15825,IND,1378.0,BSP,913.0,195761,156278,75390,59872,CPI(M),14925,IND,2659,AISF,632,170581,156082,85321,85251,9,0.02,0.01
105,Bhatpara,North 24 Parganas,149371,109019,34973,64680,CPIM,4524,IND,1961,INC,670,154037,107197,43557,57244,INC,2169,IND,1793.0,BSP,682.0,155742,107013,40621,58084,CPI(M),4592,IND,1460,BSP,381,117195,105651,61817,55375,3,,
106,Jagatdal,North 24 Parganas,222050,174320,69369,77733,CPIM,18138,IND,3967,INC,2012,233871,181287,87030,68666,AIFB,16748,IND,4300.0,BSP,908.0,235746,182511,81963,75979,CPI(M),17473,IND,3153,AISF,666,195630,180899,99648,95971,11,0.02,0.27
107,Noapara,North 24 Parganas,252447,192306,78957,78431,CPIM,24886,INC,3632,IND,3345,262153,192634,94203,67493,INC,23502,IND,2584.0,BSP,1305.0,265175,193164,86737,74878,CPI(M),24497,IND,2512,BSP,956,213727,186199,107095,106628,4,0.24,0.59
108,Barrackpur,North 24 Parganas,207922,148612,60527,64046,CPIM,16708,IND,2559,INC,2269,215356,148249,68887,59665,CPI(M),16145,BSP,970.0,IND,652.0,216334,147126,64533,61073,CPI(M),16962,IND,1787,BSP,581,170646,153274,86097,84548,1,-0.54,-1.78
109,Khardaha,North 24 Parganas,217450,175947,73767,72499,CPIM,20967,INC,3715,BSP,908,232619,183147,89807,61667,CPI(M),26916,IND,1245.0,BSP,1097.0,240672,189456,81000,70028,CPI(M),32719,IND,2699,BSP,677,209855,195207,104991,104857,7,-0.43,-0.52
110,Dum Dum Uttar,North 24 Parganas,256549,208024,83995,78346,CPIM,36343,INC,4216,BSP,881,273015,213149,95465,66966,CPI(M),45728,BNARP,1229.0,BSP,1005.0,282241,216955,86417,80115,CPI(M),45096,IND,2251,BSP,740,240341,221739,118324,122013,4,-0.3,-0.76
111,Panihati,North 24 Parganas,222235,169149,73802,64071,CPIM,22447,INC,4260,BSP,681,230748,174356,86495,61318,INC,21169,BSP,1326.0,SUCI,887.0,230849,171780,71909,59474,CPI(M),35849,IND,1697,BSP,515,189714,173550,93805,95905,4,0.03,-0.14
112,Kamarhati,North 24 Parganas,189029,139098,63356,45631,CPIM,22140,INC,3980,BSP,523,197103,144310,73845,38437,CPI(M),28310,IND,1532.0,PDS,488.0,202418,142409,62011,43211,CPI(M),33082,IND,1854,BSP,464,162646,146398,80693,81947,6,-0.06,-0.21
113,Baranagar,North 24 Parganas,208539,158136,70176,55481,CPIM,24045,INC,3677,BSP,635,217774,160259,85615,50468,INC,20135,IND,1125.0,NRPI,538.0,219056,160363,69427,57450,CPI(M),29572,IND,1264,BSP,401,186541,165257,90690,95847,4,-0.14,-0.41
114,Dum Dum,North 24 Parganas,232748,180291,76526,71414,CPIM,23153,INC,4511,BSP,738,247858,185334,87999,61268,CPI(M),30653,IND,1656.0,BSP,980.0,256345,188456,80289,70698,CPI(M),32714,IND,1670,BSP,575,217541,196222,105629,111908,4,-0.41,-0.81
115,Rajarhat New Town,North 24 Parganas,259086,211271,103343,79700,AIFB,14982,INC,5678,BSP,1369,289075,234906,127374,70942,CPI(M),31543,IND,1878.0,BSP,1137.0,317418,249856,119822,91405,AIFB,15858,AISF,15557,IND,2029,267645,250516,136100,131541,4,-0.28,-0.02
116,Bidhannagar,North 24 Parganas,231175,161532,58956,77872,AIFB,14314,INC,4300,BSP,628,243360,162035,75912,67915,INC,12821,IND,2563.0,BSP,611.0,247850,165711,67727,78883,AIFB,13936,IND,838,BSP,519,203877,175864,98891,104979,7,-1.73,
117,Rajarhat Gopalpur,North 24 Parganas,239646,172462,70085,70828,CPIM,22533,INC,4707,BSP,601,257447,178723,87650,62354,CPI(M),24511,IND,1125.0,SUCI,455.0,269301,185042,75236,75162,CPI(M),30386,IND,1270,BSP,377,218890,189690,106453,112429,8,-0.43,-62.81
118,Madhyamgram,North 24 Parganas,258249,215729,106815,72379,AIFB,24652,INC,4813,BSP,1826,272397,230431,112741,64615,RSSCMJP,46748,BSP,1667.0,IND,869.0,284909,235580,110832,79182,AISF,20216,AIFB,19288,IND,1605,244485,231332,123863,120618,4,-0.02,0.13
119,Barasat,North 24 Parganas,263418,214334,93023,89433,AIFB,21033,INC,3740,BSP,1338,279592,225707,104431,80648,AIFB,34171,IND,1339.0,BSP,940.0,288349,231649,100548,97376,AIFB,21900,AISF,5613,IND,1497,252439,234238,126025,126398,16,-0.36,-0.82
120,Deganga,North 24 Parganas,230568,192569,114715,40809,AIFB,19298,INC,11576,BSP,1611,242652,214380,100105,38446,RSSCMJP,67568,AIFB,2942.0,BSP,1354.0,252267,216879,110627,42382,AISF,50249,AIFB,7838,IND,1887,240007,232447,124607,115396,4,-0.56,-0.26
121,Haroa,North 24 Parganas,246768,208608,134543,36995,INC,17209,CPI,11949,IND,3798,259206,227395,130398,38506,RSSCMJP,49420,IND,2484.0,UTSAP,2401.0,269049,229136,145356,34235,AISF,34365,CPI(M),7470,IND,5602,243400,236926,127503,115892,5,-0.12,-0.07
122,Minakhan,North 24 Parganas,225814,196868,118433,51867,CPI,10387,INC,8492,IND,3809,236528,212352,109818,53988,CPI(M),44606,,,,,246513,213843,122957,51789,AISF,25204,IND,5844,CPI(M),5625,222011,214840,119376,102631,4,-0.04,-0.01
123,Sandeshkhali,North 24 Parganas,229369,197486,103600,76688,CPI,5545,IND,4400,INC,2822,238633,205787,112450,72765,RSSCMJP,14387,IND,3729.0,,,245817,201966,87475,95862,AISF,7566,IND,5259,CPI(M),3825,223269,214093,117641,105623,5,-0.21,
124,Basirhat Dakshin,North 24 Parganas,264856,224593,105406,90506,INC,13949,CPI,8366,IND,3154,275934,235737,115873,91405,INC,23089,BSP,1470.0,SUCI,1347.0,280513,235764,110182,95159,CPI(M),12129,AISF,11330,IND,4777,260361,248489,132772,127583,6,-0.52,-0.85
125,Basirhat Uttar,North 24 Parganas,255167,220870,127736,44980,INC,30408,CPI,12119,IND,2535,268034,238426,137216,47505,RSSCMJP,47865,IND,3888.0,,,277849,237462,134562,51607,CPI(M),22574,AISF,21991,IND,4599,245388,237094,126777,118608,3,0.01,0.0
126,Hingalganj,North 24 Parganas,220840,183479,95986,73759,CPI,6081,IND,2745,INC,1968,228508,194681,104706,79790,CPI,6008,IND,1158.0,BSP,850.0,234365,187472,91714,81207,CPI(M),7190,IND,3176,AISF,2695,215122,205248,112034,103084,4,-0.42,-1.69
127,Gosaba,South 24 Parganas,221014,183191,101522,72236,RSP,3713,INC,1267,BSP,1264,230348,195808,105723,82014,RSP,4871,BSP,1271.0,SUCI,912.0,237350,186486,101627,74775,AISF,3171,IND,2311,RSP,2018,221332,209181,115665,105663,4,-0.56,-0.85
128,Basanti,South 24 Parganas,241460,190021,113384,56927,RSP,12539,BSP,1609,INC,1515,260681,213910,111453,60811,RSP,36688,IND,2363.0,SUCI,688.0,273323,209347,132044,54043,AISF,12304,IND,3934,RSP,3449,240303,230042,125989,114312,2,-0.32,-0.27
129,Kultali,South 24 Parganas,248511,202429,87106,78695,SUCI(C),21949,RSP,10125,INC,1403,265561,227351,117238,70061,CPI(M),20010,SUCI,15306.0,IND,1452.0,284695,223115,118358,79951,AISF,9306,SUCI,6240,RSP,3734,261736,251240,138128,123591,17,-0.51,-0.73
130,Patharpratima,South 24 Parganas,252617,217376,113060,77281,CPIM,17138,INC,5988,IND,990,263675,231786,120181,98047,INC,10182,SUCI,1664.0,LKSAMYP,498.0,272188,224162,114889,89717,CPI(M),9103,AISF,5575,IND,2046,257704,244716,135804,121898,2,-0.58,-0.82
131,Kakdwip,South 24 Parganas,234574,204223,106230,80747,CPIM,9730,INC,4121,IND,1165,247826,219597,114493,89191,INC,12234,BSP,1630.0,SUCI,1026.0,261682,218303,111884,86478,AISF,9596,CPI(M),5260,IND,2713,241720,229948,126170,115546,4,-0.41,-0.46
132,Sagar,South 24 Parganas,261343,225955,119070,87058,CPIM,13896,INC,2855,IND,945,274715,239067,129000,99154,CPI(M),9096,SUCI,792.0,,,285244,235818,120963,102248,CPI(M),7409,IND,2080,AISF,1180,274103,255711,143904,130199,0,-0.56,-1.06
133,Kulpi,South 24 Parganas,208432,174482,90512,64824,CPIM,10560,INC,5701,IND,866,220144,193130,96577,62759,RSSCMJP,29961,SUCI,1191.0,IND,957.0,232589,189406,92773,60727,AISF,24729,CPI(M),6747,IND,2257,216620,206699,112797,103818,5,-0.4,-0.54
134,Raidighi,South 24 Parganas,261449,220752,104261,91342,CPIM,16123,SUCI(C),3158,INC,2445,273558,238720,115707,80139,CPI(M),36931,SUCI,2862.0,IND,824.0,287666,235608,113701,92764,AISF,13444,CPI(M),8568,IND,2785,267846,256329,139455,128386,5,-0.5,-0.99
135,Mandirbazar,South 24 Parganas,219218,185018,93819,72595,CPIM,12496,INC,2163,IND,1051,229129,199490,95834,72342,RSSCMJP,25397,IND,1439.0,SUCI,1117.0,239715,199154,93939,73528,AISF,15549,CPI(M),10810,IND,2332,222090,212029,115580,106506,4,-0.53,-0.63
136,Jaynagar,South 24 Parganas,228100,185028,89672,73095,SUCI(C),7808,RSP,7373,INC,3949,239968,202431,104952,66269,CPI(M),17368,SUCI,9423.0,IND,1435.0,252529,201686,111757,69467,RSP,5848,SUCI,5005,AISF,4436,227238,213876,118512,108720,6,-0.3,-0.29
137,Baruipur Purba,South 24 Parganas,245552,204929,99719,72214,CPIM,23793,IND,3213,SUCI(C),1846,265091,225114,123243,73602,CPI(M),21467,IND,2029.0,SUCI,1525.0,285456,224341,118938,70162,CPI(M),22606,IND,5047,AISF,4344,245106,232753,126745,118350,11,-0.15,-0.17
138,Canning Paschim,South 24 Parganas,241032,199710,102402,77056,RSP,10923,SUCI(C),3282,INC,2026,257681,218354,111059,75816,IND,14576,INC,11908.0,SUCI,1963.0,269116,222158,132888,63026,AISF,14867,IND,3853,RSP,2890,238236,229731,123786,114439,11,-0.32,-0.11
139,Canning Purba,South 24 Parganas,239491,206273,166897,23724,RSP,7375,INC,2280,SUCI(C),2009,262349,232766,122301,34503,RSSCMJP,69294,SUCI,2686.0,IND,1715.0,276280,230565,184569,18345,AISF,17516,IND,5195,RSP,1342,246673,241000,129566,117083,24,-0.16,-0.06
140,Baruipur Paschim,South 24 Parganas,232897,191348,94359,59327,CPIM,30969,IND,2608,PDS,749,253749,211293,121006,59096,CPI(M),25639,IND,3104.0,BSP,912.0,275871,213434,105413,65165,CPI(M),34383,IND,3714,AISF,2412,233097,220253,116620,116455,22,-0.14,-0.17
141,Magrahat Purba,South 24 Parganas,228747,188739,99951,62307,RSP,15832,INC,6306,BSP,1011,242530,206153,110945,56866,CPI(M),33822,IND,1831.0,SUCI,1209.0,252070,204011,109810,62939,RSP,20646,AISF,3716,IND,3089,232589,220587,122770,109817,2,-0.27,-0.35
142,Magrahat Paschim,South 24 Parganas,214463,173113,99511,48420,CPIM,12429,INC,9026,IND,1545,229437,194282,97006,50065,RSSCMJP,40685,IND,3113.0,SUCI,615.0,239029,187879,104337,47336,AISF,17457,CPI(M),12881,IND,3279,217022,204413,113942,103074,6,-0.22,-0.29
143,Diamond Harbour,South 24 Parganas,241842,206451,109134,73673,CPIM,16904,INC,2046,IND,1208,255132,225397,98478,81482,CPI(M),38719,IND,3538.0,BSP,1088.0,265214,213296,147343,43176,AISF,9918,CPI(M),7360,IND,2639,245097,231028,125553,119541,3,-0.33,-0.17
144,Falta,South 24 Parganas,225867,195930,114689,70912,CPIM,5456,INC,1136,IND,1127,236768,207932,117179,76405,INC,7452,IND,4935.0,BSP,776.0,245284,206133,183635,15263,CPI(M),2315,AISF,1611,IND,1434,236444,213509,121300,115135,9,-0.14,-0.04
145,Satgachhia,South 24 Parganas,258632,220278,111540,86761,CPIM,14943,INC,1704,IND,1458,270193,235546,118635,95317,CPI(M),16220,SUCI,1625.0,BSP,1379.0,278810,233835,136067,75449,CPI(M),13537,AISF,3200,IND,2497,256251,237929,132022,124220,9,-0.1,-0.07
146,Bishnupur,South 24 Parganas,264619,216472,117617,73529,CPIM,16642,INC,3070,IND,1455,278650,237570,136509,77677,CPI(M),17995,BSP,2709.0,IND,817.0,291211,237394,140709,69557,CPI(M),16439,AISF,4105,IND,3084,260993,242306,137741,130512,13,-0.08,-0.07
147,Sonarpur Dakshin,South 24 Parganas,268521,213432,88354,73800,CPIM,43550,IND,2464,BSP,855,288263,232807,109222,83041,CPI,31778,IND,4021.0,BSP,1110.0,298767,233135,97628,87909,CPI(M),40696,IND,3413,BSP,758,268266,247663,128960,132016,17,-0.57,-1.49
148,Bhangar,South 24 Parganas,251995,215705,146723,24963,CPIM,34758,IND,4538,PDS,1251,271897,242185,83086,38726,RSSCMJP,109237,CPIM,4930.0,IND,2026.0,287329,243067,116486,29211,AISF,75004,CPI(M),10259,IND,9936,272711,263930,142681,130016,14,,-0.5
149,Kasba,South 24 Parganas,281202,203187,98535,63894,CPIM,29582,INC,5773,IND,2017,306266,223154,121372,57750,CPI(M),39180,IND,1703.0,SUCI,673.0,317894,225143,118379,71529,CPI(M),29641,IND,2879,BSP,669,265616,239293,131451,134158,7,-0.25,-0.3
150,Jadavpur,South 24 Parganas,285347,204344,80670,48696,CPIM,68515,IND,1099,PDS,604,299818,215419,98100,53139,CPI(M),59231,IND,1185.0,BSP,649.0,306713,210014,81897,64048,CPI(M),59987,IND,1625,SUCI,557,260821,229183,124529,136288,4,-0.35,-1.07
151,Sonarpur Uttar,South 24 Parganas,274581,216902,100167,67796,CPIM,41159,IND,2754,PDS,814,300330,240495,119957,83867,CPI(M),29400,IND,3801.0,BSP,1356.0,316588,245910,116671,84031,CPI(M),38164,IND,3871,BSP,710,273219,254503,135666,137535,18,-0.39,-0.26
152,Tollyganj,South 24 Parganas,257964,188166,77781,45814,CPIM,58816,IND,1075,BSP,500,269713,197365,101440,51360,CPI(M),40597,IND,1204.0,SUCI,454.0,263527,188306,77016,56781,CPI(M),50856,IND,1471,SUCI,457,229994,203039,110663,119323,8,-0.11,-0.73
153,Behala Purba,South 24 Parganas,288039,206212,89341,73483,CPIM,32794,INC,4915,IND,1770,308285,221872,110968,73540,CPI(M),30172,IND,2519.0,BSP,1175.0,313669,215137,97125,81899,CPI(M),30471,IND,2679,BSP,743,259752,230686,126011,133735,6,-0.24,-1.02
154,Behala Paschim,South 24 Parganas,295727,217443,91216,75051,CPIM,39836,INC,5262,IND,1736,313198,231816,114778,63894,CPI(M),47509,IND,2340.0,BSP,862.0,318301,220148,96209,81013,CPI(M),37507,IND,2223,SUCI,655,266173,231384,128607,137562,4,0.01,-0.74
155,Maheshtala,South 24 Parganas,252903,197986,98092,69252,CPIM,21276,INC,4633,IND,932,271007,219969,124008,66059,CPI(M),25276,IND,1739.0,BSP,838.0,277441,218960,130063,60525,CPI(M),22105,IND,2301,BSP,1052,243365,227230,122964,120390,11,-0.13,-0.12
156,Budge Budge,South 24 Parganas,241629,199356,119675,63118,CPIM,9411,INC,2388,IND,1118,256136,216892,122357,77643,INC,10809,IND,1901.0,BSP,932.0,261771,216237,159780,41942,CPI(M),8087,IND,2565,AISF,1066,229907,216159,117406,112495,6,0.02,0.0
157,Metiaburuz,South 24 Parganas,233698,171514,119978,32802,CPIM,9201,INC,4842,IND,1000,256315,196582,151066,31462,RSSCMJP,7389,IND,1499.0,AMB,829.0,261821,198368,145896,30156,CPI(M),16664,IND,2320,BSP,985,189494,179640,100723,88768,3,0.14,0.16
158,Kolkata Port,Kolkata South,223156,144636,82102,45863,INC,8941,CPIM,3976,IND,1905,235933,152443,105543,36989,INC,5590,IND,1858.0,BSP,748.0,238851,152803,84816,41923,CPI(M),21904,IND,2493,BSP,539,171615,153904,91335,80275,5,-0.02,-0.03
159,Bhabanipur,Kolkata South,200938,136091,61137,57969,CPIM,8700,INC,4662,IND,1222,206389,127376,73505,44786,INC,5211,IND,1740.0,BSP,564.0,205553,133889,62461,54164,CPI(M),14006,IND,1505,BSP,409,160313,139055,81108,79199,6,-0.41,-0.62
160,Rashbehari,Kolkata South,199120,135529,52555,57976,CPIM,16364,INC,4392,IND,1342,206013,124455,65704,44290,INC,10314,IND,1546.0,SUCI,546.0,202777,132631,57905,56214,CPI(M),15003,IND,1574,BSP,377,158406,137148,76263,82137,6,-0.59,-2.67
161,Ballygunge,Kolkata South,240668,161138,97302,42850,INC,8591,CPIM,8518,IND,1440,247662,150962,106585,31226,CPI(M),8474,IND,1309.0,BSP,812.0,253070,158674,95830,39717,CPI(M),19239,IND,1817,BSP,596,188839,166480,96205,92627,7,-0.21,-0.14
162,Chowrangee,Kolkata North,202503,118261,65445,38885,INC,6439,CPIM,4460,IND,1100,208201,111493,70101,24757,INC,14266,IND,533.0,BSP,264.0,209713,116191,55031,40386,INC,18285,IND,655,SUCI,421,126349,109418,67355,58989,5,0.05,0.46
163,Entally,Kolkata North,215405,156140,89711,48391,CPIM,8137,INC,4525,IND,2657,230814,156874,101709,43452,RSSCMJP,4354,IND,4225.0,BSP,827.0,236126,167135,83446,54137,INC,24305,IND,1920,BSP,653,178877,164585,91760,87109,8,-0.13,0.09
164,Beleghata,Kolkata North,242623,165014,97583,46681,CPIM,10767,INC,3847,IND,3081,250881,158506,103182,36042,CPI(M),14045,IND,2542.0,BSP,757.0,253802,168534,92643,46531,INC,24706,IND,1342,BSP,644,190599,173083,97037,93556,6,-0.22,-0.1
165,Jorasanko,Kolkata North,191912,110246,47265,51147,CPIM,6020,INC,3225,IND,911,197950,98955,52123,39380,INC,4769,IND,835.0,BSP,412.0,197388,105767,41893,49294,INC,12293,IND,582,SUCI,369,122686,106393,65654,57032,0,-0.58,
166,Shyampukur,Kolkata North,172030,115437,46735,48905,CPIM,13569,INC,2482,IND,1188,176557,102970,55785,33265,AIFB,10828,IND,1620.0,SJSMP,409.0,176652,110607,48063,49662,INC,9528,IND,777,SUCI,470,131819,116093,66449,65363,7,-0.58,
167,Maniktala,Kolkata North,201736,142400,61134,60273,CPIM,13522,INC,2339,IND,1892,211308,132967,67577,47339,CPI(M),13513,IND,1838.0,BSP,669.0,210464,144232,66964,63389,INC,9421,IND,1066,SUCI,693,165906,149780,83022,82876,8,-0.83,-1.55
168,Kashipur-belgachhia,Kolkata North,217873,141955,66617,53025,CPIM,14373,INC,3215,IND,1953,223714,134872,76182,40792,CPI(M),14757,IND,1025.0,BSP,539.0,221541,143000,65137,57869,INC,16018,IND,1017,SUCI,515,167936,149480,85715,82219,2,-0.41,-0.89
169,Bally,Howrah,166106,122415,51951,51656,CPIM,13125,INC,2580,IND,1833,176197,125873,53347,47110,CPI(M),22040,IND,1728.0,SUCI,442.0,176155,119036,52906,46414,CPI(M),16217,IND,1228,BSP,644,133573,116022,68826,64743,4,1.58,0.46
170,Howrah Uttar,Howrah,205667,144233,64056,67017,CPIM,6645,INC,3133,IND,2451,218547,149720,71575,66053,CPI(M),8133,IND,1849.0,HAMS,251.0,224870,142259,69826,59795,CPI(M),8936,IND,1510,BSP,825,149948,132344,78911,71029,8,3.15,0.99
171,Howrah Madhya,Howrah,251112,183713,87747,69673,CPIM,14431,INC,6717,IND,3050,266542,195144,111554,65007,INC,12942,IND,1923.0,JD(U),545.0,269095,189449,94136,68821,CPI(M),21264,IND,1768,BSP,770,214821,192136,109112,105707,2,0.06,-0.11
172,Shibpur,Howrah,221803,171663,75355,66644,CPIM,19933,INC,4748,IND,2838,233676,182219,92372,59769,AIFB,24970,IND,2595.0,SUCI,601.0,238061,176502,79464,65258,CPI(M),26171,IND,1997,BSP,822,194963,179990,96193,98766,4,0.07,-0.25
173,Howrah Dakshin,Howrah,278682,204309,97699,73115,CPIM,22033,INC,5136,IND,3967,294243,216940,116839,66270,CPI(M),27287,IND,2620.0,JD(U),654.0,302518,211598,102763,73091,CPI(M),29236,IND,2408,BSP,1064,240607,220155,121230,119375,2,-0.06,-0.29
174,Sankrail,Howrah,260000,201061,96124,75019,CPIM,18445,INC,5275,IND,4611,277076,222127,111888,71461,CPI(M),34144,IND,2784.0,,,285210,217337,103109,76250,CPI(M),32406,IND,2354,BSP,958,240252,228119,123503,116742,7,-0.15,-0.4
175,Panchla,Howrah,250555,193965,103567,69332,CPIM,10809,IND,4753,INC,4499,266183,217009,104572,71821,RSSCMJP,35576,AMB,1411.0,IND,1218.0,274064,212673,123025,66367,CPI(M),17253,IND,2863,BSP,1259,248497,232593,130039,118455,3,-0.48,-0.35
176,Uluberia Purba,Howrah,220532,178778,86179,66391,CPIM,17353,INC,5103,IND,1428,233764,193021,86526,69400,RSSCMJP,30458,IND,3293.0,IUC,1233.0,241689,189328,91924,67498,INC,19260,AISF,4955,IND,2248,218481,205962,111655,106817,9,-0.76,-0.68
177,Uluberia Uttar,Howrah,215014,170018,82871,68888,CPIM,10783,INC,3534,IND,1727,224423,185780,91501,70498,CPI(M),19292,IND,3241.0,,,233409,182229,89361,71358,INC,8116,AISF,7426,IND,2440,214671,202284,112157,102511,3,-0.79,-1.11
178,Uluberia Dakshin,Howrah,226475,185305,96445,71498,CPIM,10574,INC,2255,IND,1760,237620,202266,101880,73442,AIFB,21110,IND,2171.0,SUCI,1165.0,248514,200163,103696,70563,AISF,10107,INC,9303,IND,2639,237057,225228,122513,114530,14,-0.81,-0.76
179,Shyampur,Howrah,250345,204651,107867,76573,CPIM,11693,INC,4717,IND,1397,257593,221889,114804,83293,INC,20408,IND,1240.0,SUCI,1002.0,266443,218363,113532,83619,INC,9981,AISF,5846,IND,2065,259278,239988,132356,126919,3,-0.57,-0.72
180,Bagnan,Howrah,222779,187499,109070,60776,CPIM,10629,INC,3684,IND,1454,231216,199935,106042,75922,CPI(M),14555,IND,1404.0,SUCI,464.0,239847,197516,107616,69143,INC,10921,AISF,4001,IND,2360,230578,216928,117902,112672,4,-0.56,-0.5
181,Amta,Howrah,252352,195159,104259,66785,CPIM,13763,INC,6314,IND,1883,261881,208810,102445,76240,INC,25109,IND,2575.0,SUCI,1139.0,270226,204012,101868,74370,INC,15984,AISF,5417,IND,2609,256982,232723,132837,124140,5,-0.91,-1.04
182,Udaynarayanpur,Howrah,227491,188607,107926,68105,CPIM,6354,IND,2083,INC,1948,235467,198211,101510,87512,INC,5178,IND,2791.0,,,242260,195401,114589,68060,INC,4739,IND,2941,AISF,1219,229091,212459,117276,111815,0,-1.02,-0.37
183,Jagatballavpur,Howrah,272392,218582,100571,88641,CPIM,18449,INC,5168,IND,1845,288158,235721,116562,87366,RSSCMJP,25362,IUC,1972.0,IND,1690.0,298107,235513,113092,86482,CPI(M),20433,AISF,10039,IND,2590,270806,251552,139266,131534,6,-0.54,-0.6
184,Domjur,Howrah,276087,226750,125410,70377,CPIM,21674,INC,3829,IND,1610,299250,250978,130499,87879,CPI(M),22768,IND,6450.0,BNARP,1300.0,310830,245833,129382,70669,CPI(M),36768,AISF,2975,IND,2856,269236,253082,136227,133003,6,-0.05,-0.12
185,Uttarpara,Hooghly,249372,192220,75438,71947,CPIM,34223,INC,4595,IND,1298,259814,199894,93878,57889,CPI(M),42718,CPI(ML)(L),1223.0,IND,833.0,261786,195674,74618,65578,CPI(M),50328,IND,1623,BSP,502,228272,204144,112794,115473,5,-0.12,-0.94
186,Sreerampur,Hooghly,239344,178493,72823,75326,CPIM,19223,INC,5746,IND,1326,252758,188081,93021,69588,INC,19401,IND,1989.0,BAHUMP,914.0,255577,184874,71927,64106,CPI(M),42033,AISF,2054,IND,1838,205662,185116,104186,101472,4,0.13,-0.03
187,Champdani,Hooghly,248706,190702,80930,79071,CPIM,19292,INC,5574,IND,1584,263372,201131,100972,70894,INC,23272,IND,1856.0,BAHUMP,790.0,263853,196675,80759,72168,CPI(M),38206,IND,2083,BSP,539,221952,202931,110910,111032,10,-0.06,-0.73
188,Singur,Hooghly,241253,200580,82748,93177,CPIM,17632,INC,2042,SUCI(C),912,246867,209938,101077,75154,CPI(M),30016,SUCI,1346.0,,,251585,210417,102740,83914,CPI(M),17769,IND,2517,BSP,688,237388,221151,119289,118093,6,-0.43,-0.57
189,Chandannagar,Hooghly,223156,171876,71196,68321,CPIM,23460,INC,3550,IND,770,229572,182178,86778,55749,CPI(M),33702,IND,2926.0,,,235045,180716,79222,72758,CPI(M),23209,IND,2173,BSP,508,203451,185039,100183,103262,6,-0.09,-0.67
190,Chunchura,Hooghly,304263,247038,95587,116603,CPIM,22797,INC,4717,SUCI(C),1313,314274,254737,117104,98687,AIFB,28777,IND,2622.0,BSP,1328.0,318349,253081,104496,112760,CPI(M),27945,IND,3345,BSP,751,275715,252059,136134,139570,11,0.15,
191,Balagarh,Hooghly,249662,211072,76121,110175,CPIM,15163,INC,3731,SUCI(C),1472,258955,219957,100364,94580,CPI(M),19766,SUCI,2142.0,,,263064,219452,95465,101412,CPI(M),15359,IND,3578,BNJD,584,240088,224674,122092,117990,6,-0.82,
192,Pandua,Hooghly,259914,215300,89181,89883,CPIM,25141,INC,4459,CPI(ML)(L),1611,270503,223664,102874,71016,CPI(M),41474,SUCI,1982.0,BSP,1650.0,276122,224433,106193,80407,CPI(M),30041,IND,3666,BSP,733,249081,232517,124729,124345,7,-0.28,-0.31
193,Saptagram,Hooghly,225496,184826,72807,94392,CPIM,9377,INC,3007,SUCI(C),1199,234840,192190,93328,83556,INC,8332,IND,3937.0,,,238146,191592,85268,87760,CPI(M),12321,IND,3075,BSP,617,210370,195371,106484,103881,5,-0.33,
194,Chanditala,Hooghly,252703,194676,88101,70885,CPIM,24892,INC,5200,IND,1828,263257,207106,103118,61771,CPI(M),37161,IND,2900.0,,,272486,205435,99001,63651,CPI(M),31562,AISF,5502,IND,2783,246543,226672,125034,121506,3,-0.47,-0.6
195,Jangipara,Hooghly,246868,198619,93958,82026,CPIM,14297,INC,2362,IND,2128,257025,210411,101885,83959,RSSCMJP,17756,IND,3771.0,,,265617,207834,103086,75066,CPI(M),18801,AISF,4609,IND,3227,251069,230833,128123,122942,4,-1.14,-0.82
196,Haripal,Hooghly,260044,211046,95295,85731,CPIM,20497,INC,3412,RAJSP,1028,269649,220774,110215,87143,RSSCMJP,15795,BSP,2132.0,SUCI,2122.0,274484,221602,115371,82912,CPI(M),16776,IND,3131,BSP,523,264175,244124,133319,130853,3,-1.01,-0.69
197,Dhanekhali,Hooghly,262857,224776,109842,97480,CPIM,7759,INC,3823,CPI(ML)(L),1462,271518,233838,124776,94617,INC,9033,CPI(ML)(L),3230.0,,,277792,232257,126736,84856,CPI(M),12606,IND,4232,BSP,816,262689,245719,131462,131225,2,-0.39,-0.32
198,Tarakeswar,Hooghly,232456,197194,88096,83753,CPIM,15747,INC,3372,RAJSP,1051,239820,205917,96698,89214,CPI(M),14595,RPPRINAT,1697.0,IND,961.0,244468,206193,97685,86517,CPI(M),15436,IND,3396,BSP,469,235441,219431,118073,117363,5,-1.81,-1.19
199,Pursurah,Hooghly,251928,211569,81917,107759,CPIM,10887,INC,3584,RAJSP,1531,259988,223074,91156,119334,INC,7828,IND,1968.0,,,268593,223427,91744,114636,CPI(M),9585,IND,3888,BSP,522,259590,239056,132393,127196,1,,
200,Arambag,Hooghly,246937,206340,93883,89876,CPIM,11643,INC,3547,RAJSP,1308,257621,219960,95936,103108,CPI(M),14965,BSP,2780.0,,,265598,217541,98847,98301,CPI(M),12846,IND,3826,BSP,567,253260,234341,128700,124558,2,,-30.77
201,Goghat,Hooghly,238958,207676,87217,95284,CPIM,14947,INC,3434,RAJSP,1169,246570,219545,98080,102227,AIFB,14378,BSP,2378.0,,,254688,219873,96864,102750,CPI(M),13554,IND,3529,BSP,611,248076,232720,126697,121378,1,,
202,Khanakul,Hooghly,266130,202404,96405,82183,CPIM,11825,INC,4236,RAJSP,1599,277259,217991,94519,107403,RSSCMJP,8732,IND,4059.0,,,287059,215294,90043,107165,CPI(M),10977,IND,3560,BSP,534,268570,235885,138468,130098,4,,
259,Khandaghosh,Purba Bardhaman,234923,204812,102494,71500,CPIM,20118,INC,3809,IND,1948,242730,217897,104264,83378,CPI(M),22923,BSP,3465.0,BMUP,1923.0,250176,216009,111231,73585,CPI(M),25504,SUCI,1996,IND,996,233679,221761,118049,115630,0,-0.19,-0.15
260,Bardhaman Dakshin,Purba Bardhaman,248732,198039,85301,83963,CPIM,18848,INC,4616,BSP,1843,257940,205345,91015,82910,CPI(M),23346,BSP,1455.0,NRPI,983.0,258097,201809,92692,85404,CPI(M),18341,IND,1113,BSP,680,221961,201607,108647,113310,4,0.46,0.03
261,Raina,Purba Bardhaman,248320,214276,113180,58331,CPIM,33510,INC,4392,BSP,1366,258742,229166,108752,90547,CPI(M),25332,BSP,1871.0,BMUP,1101.0,264906,224348,114862,71297,CPI(M),32404,SUCI,1621,BSP,1266,246060,231493,124871,121186,3,-0.13,-0.16
262,Jamalpur,Purba Bardhaman,229318,195440,81941,78257,CPIM,26007,INC,4267,BSP,1352,235973,206690,96999,79028,CPI(M),23298,BSP,2024.0,BMUP,1291.0,241887,206248,105306,68938,CPI(M),26536,SUCI,1437,BSP,1109,225468,213541,114250,111213,5,-0.38,-0.2
263,Monteswar,Purba Bardhaman,233628,196622,95202,67166,CPIM,23435,INC,6533,BSP,1739,242229,209036,105460,73655,CPI(M),24740,CPI(ML)(L),1877.0,PDS,1693.0,249064,207214,113438,67696,CPI(M),21060,IND,1112,BSP,856,216764,202804,109788,106971,5,0.2,0.1
264,Kalna,Purba Bardhaman,234826,199822,86357,82724,CPIM,19661,INC,6925,BSP,1085,241471,208951,96073,88595,CPI(M),19005,BSP,2084.0,SUCI,687.0,247415,205171,94368,84209,CPI(M),20841,SUCI,1412,BSP,1017,226370,211565,115511,110854,5,-0.35,-0.63
265,Memari,Purba Bardhaman,245694,208150,86282,81383,CPIM,28780,INC,7069,BSP,1268,254236,218802,104851,81773,CPI(M),25618,BSP,2121.0,BMUP,1737.0,257375,214438,106306,73475,CPI(M),28870,SUCI,1534,BSP,1210,239601,226111,120690,118905,6,-0.32,-0.36
266,Bardhaman Uttar,Purba Bardhaman,262127,226632,108663,80617,CPIM,25373,INC,5110,BSP,3009,277026,241925,111211,93943,CPI(M),31028,BSP,3347.0,,,285405,240880,123368,82123,CPI(M),28051,IND,1633,BSP,1058,260360,245832,129891,130468,1,-0.23,-0.12
267,Bhatar,Purba Bardhaman,238188,203819,99383,72919,CPIM,21427,INC,4496,BSP,2323,246694,214168,108028,76287,CPI(M),19607,IND,3845.0,BSP,1575.0,255493,214189,109501,77081,CPI(M),21051,IND,1607,BSP,1125,226642,213497,113735,112907,0,0.02,0.02
268,Purbasthali Dakshin,Purba Bardhaman,240479,205104,100240,78332,CPIM,17836,INC,4971,BSP,1036,248533,215353,105698,88288,INC,15061,BSP,3105.0,PMPT,1639.0,253983,209835,102656,81294,CPI(M),21021,SUCI,1383,BSP,950,232577,218692,120297,112279,1,-0.19,-0.41
269,Purbasthali Uttar,Purba Bardhaman,242374,202853,85174,82469,CPIM,26763,INC,4058,BSP,1234,252626,212343,92421,85715,CPI(M),28134,BSP,1907.0,PMPT,1675.0,261976,210597,92612,89374,CPI(M),23112,SUCI,1292,BSP,967,239480,223171,125849,113625,6,-1.61,-3.88
270,Katwa,Purba Bardhaman,257078,212219,87316,89175,CPIM,23211,INC,6744,BSP,1511,267738,224459,107894,98739,INC,12976,BSP,1598.0,SUCI,1472.0,275698,221811,101771,89356,CPI(M),23574,SUCI,2285,BSP,1091,256811,237268,131414,125395,2,-1.4,-1.25
271,Ketugram,Purba Bardhaman,248158,204992,102679,75165,CPIM,14034,INC,4982,RVNP,3504,258310,215317,100226,87543,CPI(M),20092,BSP,2293.0,SUCI,1543.0,269853,214545,119431,73419,CPI(M),13824,IND,1551,BSP,1110,234035,217957,120601,113433,1,-0.21,-0.07
272,Mangalkot,Purba Bardhaman,241891,205982,105397,76170,CPIM,13211,INC,4457,RVNP,2587,251003,217329,107596,85259,CPI(M),16783,BSP,2476.0,SUCI,1389.0,259847,213193,117318,70811,CPI(M),17834,IND,1269,BSP,1080,231984,217856,118847,113135,2,-0.02,-0.1
273,Ausgram,Purba Bardhaman,236270,205975,95460,80592,CPIM,18391,INC,4652,RVNP,2299,246956,217080,100392,88577,CPI(M),20399,SUCI,1972.0,BSP,1701.0,252804,215537,110503,76968,CPI(M),21164,IND,1163,BSP,1076,236010,224705,119363,116644,3,-0.65,-0.27
274,Galsi,Purba Bardhaman,249625,211572,83556,93177,CPIM,21712,INC,7799,BSP,1849,256642,222538,109504,90242,AIFB,17020,BSP,3518.0,,,263983,221959,107250,86496,CPI(M),21539,IND,1650,BSP,1169,243955,231343,123314,120638,3,-0.46,-0.45
