AC No,Constituency,District,Rule Used,Prediction,TMC_margin_2024,TMC_margin_2021,voter_drop_24_26,voter_increase_votes_cast,BJP_trend_2021_2024,TMC_trend_2021_2024,BJP_vs_TMC_trend,voter_drop_pct,TMC_voteshare_2024,BJP_voteshare_2024,voteshare_diff,Hindu %,Muslim %,Christian %,Buddhist/Other %,2019 Total Voters,2019 Votes Cast,2019 TMC,2019 BJP,2021 Total Voters,2021 Votes Cast,2021 TMC,2021 BJP,2024 Total Voters,2024 Votes Cast,2024 TMC,2024 BJP,2026 Total Voters,2026 Votes Cast
1,Mekliganj,Coochbehar,"Rule 7: Muslim <30%, BJP gaining+TMC losing 2021?24 (divergence >10k)",BJP Contested,"2,818","14,685",-13456,17147,"7,371","-4,496","11,867",5.656895182,0,0,0.014072972,76.0%,22.0%,0.5%,1.5%,"2,16,864","1,89,043","82,435","87,140","2,26,465","1,98,744","99,338","84,653","2,37,869","2,00,242","94,842","92,024","2,24,413","2,17,389"
54,Baisnabnagar,Malda,Rule 1: Muslim >40%,TMC Win,"-40,987","2,471",-32183,12522,"7,363","-36,095","43,458",12.09668932,0,0,-0.193987325,28.0%,70.0%,1.0%,1.0%,"2,31,386","1,95,977","55,146","81,475","2,46,956","2,08,652","83,061","80,590","2,66,048","2,11,287","46,966","87,953","2,33,865","2,23,809"
55,Farakka,Murshidabad,Rule 1: Muslim >40%,TMC Win,"-10,301","59,945",-55204,-5703,"4,858","-65,388","70,246",23.30629942,0,0,-0.057191556,30.0%,68.0%,1.0%,1.0%,"2,12,526","1,74,517","44,528","46,886","2,27,549","1,86,424","1,02,319","42,374","2,36,863","1,80,114","36,931","47,232","1,81,659","1,74,411"
4,Coochbehar Dakshin,Coochbehar,"Rule 2: Muslim <30%, BJP led in 2021",BJP Win,"7,709","-4,931",-27473,7894,"-4,177","8,463","-12,640",11.37876334,0,0,0.039570062,75.0%,23.0%,0.5%,1.5%,"2,23,411","1,82,755","80,410","86,431","2,33,839","1,95,505","86,629","91,560","2,41,441","1,94,819","95,092","87,383","2,13,968","2,02,713"
5,Sitalkuchi,Coochbehar,"Rule 2: Muslim <30%, BJP led in 2021",BJP Win,"16,276","-17,815",-19061,21347,"-11,598","22,493","-34,091",6.257530145,1,0,0.06329429,74.0%,24.0%,0.5%,1.5%,"2,75,720","2,36,981","1,09,771","1,08,541","2,85,260","2,45,966","1,07,140","1,24,955","3,04,609","2,57,148","1,29,633","1,13,357","2,85,548","2,78,495"
6,Sitai,Coochbehar,"Rule 9: Muslim <30%, voter roll drop > TMC 2024 and 2021 margin ",BJP Possible,"28,377","10,112",-31112,24495,"-7,984","10,281","-18,265",10.22620448,1,0,0.118628976,73.0%,25.0%,0.5%,1.5%,"2,77,195","2,24,943","1,23,130","88,469","2,90,568","2,38,578","1,17,908","1,07,796","3,04,238","2,39,208","1,28,189","99,812","2,73,126","2,63,703"
7,Dinhata,Coochbehar,"Rule 2: Muslim <30%, BJP led in 2021",BJP Win,"18,014",-57,-30294,27284,"-10,977","7,094","-18,071",9.848984833,1,0,0.075662689,76.0%,22.0%,0.5%,1.5%,"2,88,755","2,30,474","99,442","1,14,981","2,99,251","2,43,751","1,15,978","1,16,035","3,07,585","2,38,083","1,23,072","1,05,058","2,77,291","2,65,367"
58,Jangipur,Murshidabad,Rule 1: Muslim >40%,TMC Win,"-3,266","92,480",-44370,4370,"29,844","-65,902","95,746",16.7289399,0,0,-0.015775034,33.0%,65.0%,1.0%,1.0%,"2,37,835","1,94,797","79,527","66,193","2,55,064","1,98,263","1,36,444","43,964","2,65,229","2,07,036","70,542","73,808","2,20,859","2,11,406"
26,Siliguri,Darjeeling,Rule 1: Muslim >40%,TMC Win,"-66,009","-35,586",-38247,2665,"25,200","-5,223","30,423",16.00118816,0,1,-0.368146301,35.0%,63.0%,1.0%,1.0%,"2,15,514","1,70,384","39,662","1,05,148","2,28,406","1,78,650","53,784","89,370","2,39,026","1,79,301","48,561","1,14,570","2,00,779","1,81,966"
43,Habibpur,Malda,Rule 1: Muslim >40%,TMC Win,"-36,952","-19,517",-20291,27263,"11,374","-6,061","17,435",7.848878814,0,1,-0.185881797,35.0%,63.0%,1.0%,1.0%,"2,40,351","1,95,407","53,794","1,07,630","2,49,557","1,97,989","74,558","94,075","2,58,521","1,98,793","68,497","1,05,449","2,38,230","2,26,056"
72,Baharampur,Murshidabad,Rule 1: Muslim >40%,TMC Win,"-29,480","-26,852",-26962,8409,"-12,866","-15,494","2,628",10.06826193,0,0,-0.13874247,35.0%,63.0%,1.0%,1.0%,"2,50,726","2,03,136","41,129","25,165","2,60,667","1,97,607","62,488","89,340","2,67,792","2,12,480","46,994","76,474","2,40,830","2,20,889"
49,Manikchak,Malda,Rule 1: Muslim >40%,TMC Win,"-48,710","33,878",-31939,26319,"5,725","-76,863","82,588",11.93071452,0,0,-0.246966785,35.6%,62.4%,1.0%,1.0%,"2,40,521","1,89,069","47,785","81,809","2,53,353","2,06,991","1,10,234","76,356","2,67,704","1,97,233","33,371","82,081","2,35,765","2,23,552"
44,Gazole,Malda,Rule 1: Muslim >40%,TMC Win,"-38,871","-1,798",-24439,21007,"12,416","-24,657","37,073",8.743077517,0,1,-0.17512536,38.0%,60.0%,1.0%,1.0%,"2,54,060","2,10,902","67,180","1,08,351","2,67,096","2,21,214","98,857","1,00,655","2,79,524","2,21,961","74,200","1,13,071","2,55,085","2,42,968"
50,Maldaha,Malda,Rule 1: Muslim >40%,TMC Win,"-63,429","-15,456",-25890,11342,"19,071","-28,902","47,973",10.06460943,0,1,-0.305595036,38.0%,60.0%,1.0%,1.0%,"2,32,997","1,97,519","50,480","1,04,825","2,45,962","2,06,489","77,942","93,398","2,57,238","2,07,559","49,040","1,12,469","2,31,348","2,18,901"
64,Murshidabad,Murshidabad,Rule 1: Muslim >40%,TMC Win,"-7,851","-2,491",-30658,8054,"-1,803","-7,163","5,360",10.99140635,0,0,-0.034351947,38.0%,60.0%,1.0%,1.0%,"2,55,966","2,18,252","77,567","80,966","2,68,221","2,29,231","93,476","95,967","2,78,927","2,28,546","86,313","94,164","2,48,269","2,36,600"
67,Burwan,Murshidabad,Rule 1: Muslim >40%,TMC Win,-558,"2,749",-12175,14773,"-15,665","-18,972","3,307",5.38292849,0,0,-0.003223161,38.0%,60.0%,1.0%,1.0%,"2,09,343","1,65,127","61,712","29,902","2,17,500","1,76,803","81,890","79,141","2,26,178","1,73,122","62,918","63,476","2,14,003","1,87,895"
27,Phansidewa,Darjeeling,Rule 1: Muslim >40%,TMC Win,"-25,218","-27,711",-35927,-5369,840,"3,333","-2,493",14.18777767,0,1,-0.118966298,42.0%,56.0%,1.0%,1.0%,"2,24,235","1,96,605","53,854","1,07,115","2,40,496","2,07,590","77,940","1,05,651","2,53,225","2,11,976","81,273","1,06,491","2,17,298","2,06,607"
18,Rajganj,Jalpaiguri,"Rule 6: Muslim <30%, BJP 2021?24 gain exceeds TMC 2024 margin",BJP Contested,"7,480","15,773",-24858,1057,"8,246",-47,"8,293",9.723335928,0,0,0.033724228,77.0%,13.0%,5.0%,5.0%,"2,33,915","2,07,409","94,727","90,407","2,44,163","2,15,755","1,04,641","88,868","2,55,653","2,21,799","1,04,594","97,114","2,30,795","2,22,856"
51,English Bazar,Malda,Rule 1: Muslim >40%,TMC Win,"-98,808","-20,099",-39279,2848,"26,467","-52,242","78,709",13.61886997,0,1,-0.433269605,42.0%,56.0%,1.0%,1.0%,"2,61,143","2,15,949","38,478","1,32,860","2,75,296","2,15,675","87,656","1,07,755","2,88,416","2,28,052","35,414","1,34,222","2,49,137","2,30,900"
20,Mal,Jalpaiguri,"Rule 3: Muslim <30%, voter increase > TMC 2024 margin",BJP Possible,"12,815","5,465",-26737,13830,"-4,968","2,382","-7,350",10.12040622,0,0,0.061088097,68.0%,7.0%,15.0%,10.0%,"2,42,267","2,02,897","76,939","1,00,998","2,55,570","2,13,255","99,086","93,621","2,64,189","2,09,779","1,01,468","88,653","2,37,452","2,23,609"
21,Nagrakata,Jalpaiguri,"Rule 2: Muslim <30%, BJP led in 2021",BJP Win,"3,547","-23,475",-24056,19038,"-14,990","12,032","-27,022",9.851990793,0,0,0.019263459,65.0%,5.0%,12.0%,18.0%,"2,26,235","1,82,492","53,621","1,03,865","2,37,305","1,91,169","71,247","94,722","2,44,174","1,84,131","83,279","79,732","2,20,118","2,03,169"
52,Mothabari,Malda,Rule 1: Muslim >40%,TMC Win,"-11,554","56,573",-39497,3834,"2,277","-65,850","68,127",18.91220241,0,0,-0.073523516,54.0%,44.0%,1.0%,1.0%,"1,83,788","1,45,709","36,764","43,054","1,96,324","1,63,143","97,397","40,824","2,08,844","1,57,147","31,547","43,101","1,69,347","1,60,981"
41,Gangarampur,Dakshin Dinajpur,Rule 1: Muslim >40%,TMC Win,"-16,800","-4,592",-30677,7296,"5,089","-7,119","12,208",13.29027003,0,1,-0.091392263,55.0%,43.0%,1.0%,1.0%,"2,12,534","1,80,647","70,053","92,138","2,24,040","1,89,482","84,132","88,724","2,30,823","1,83,823","77,013","93,813","2,00,146","1,91,119"
165,Jorasanko,Kolkata North,Rule 1: Muslim >40%,TMC Win,"-7,401","12,743",-74702,626,"9,914","-10,230","20,144",37.84525908,0,0,-0.069974567,55.0%,43.0%,1.0%,1.0%,"1,91,912","1,10,246","47,265","51,147","1,97,950","98,955","52,123","39,380","1,97,388","1,05,767","41,893","49,294","1,22,686","1,06,393"
34,Kaliaganj,Uttar Dinajpur,Rule 1: Muslim >40%,TMC Win,"-57,944","-21,820",-26682,14644,"19,533","-16,591","36,124",9.045880331,0,1,-0.240082867,56.0%,42.0%,1.0%,1.0%,"2,69,950","2,27,972","62,133","1,18,895","2,82,575","2,39,726","94,948","1,16,768","2,94,963","2,41,350","78,357","1,36,301","2,68,281","2,55,994"
78,Tehatta,Nadia,Rule 1: Muslim >40%,TMC Win,"-8,356","6,915",-9390,15735,"3,656","-11,615","15,271",3.58641973,0,0,-0.038899493,57.0%,41.0%,1.0%,1.0%,"2,44,796","2,04,911","87,369","89,430","2,52,454","2,18,109","97,848","90,933","2,61,821","2,14,810","86,233","94,589","2,52,431","2,30,545"
166,Shyampukur,Kolkata North,Rule 1: Muslim >40%,TMC Win,"-1,599","22,520",-44833,5486,"16,397","-7,722","24,119",25.37927677,0,0,-0.01445659,57.0%,41.0%,1.0%,1.0%,"1,72,030","1,15,437","46,735","48,905","1,76,557","1,02,970","55,785","33,265","1,76,652","1,10,607","48,063","49,662","1,31,819","1,16,093"
28,Chopra,Uttar Dinajpur,Rule 1: Muslim >40%,TMC Win,"92,131","64,905",-44422,445,"-18,873","8,353","-27,226",16.84834141,1,0,0.438583296,40.0%,58.0%,1.0%,1.0%,"2,29,778","1,88,350","94,298","49,521","2,47,764","2,04,110","1,24,923","60,018","2,63,658","2,10,065","1,33,276","41,145","2,19,236","2,10,510"
29,Islampur,Uttar Dinajpur,Rule 1: Muslim >40%,TMC Win,"24,007","37,440",-33373,11730,296,"-13,137","13,433",14.16571162,1,0,0.138675,38.0%,60.0%,1.0%,1.0%,"2,04,049","1,60,514","60,976","56,531","2,19,728","1,69,974","1,00,131","62,691","2,35,590","1,73,117","86,994","62,987","2,02,217","1,84,847"
30,Goalpokhar,Uttar Dinajpur,Rule 1: Muslim >40%,TMC Win,"35,670","73,514",-46915,9751,-251,"-38,095","37,844",19.04149231,0,0,0.206064667,52.0%,46.0%,1.0%,1.0%,"2,15,685","1,58,299","79,682","31,441","2,24,633","1,61,535","1,05,649","32,135","2,46,383","1,73,101","67,554","31,884","1,99,468","1,82,852"
31,Chakulia,Uttar Dinajpur,"Rule 10A: Muslim 30-40%, contested zone, Voter drop > TMC 24 margin and high vote increase",BJP Contested,"6,879","33,837",-32986,21224,-700,"-27,658","26,958",13.24308157,0,0,0.038812219,65.0%,33.0%,1.0%,1.0%,"2,21,345","1,64,474","59,129","51,304","2,33,378","1,73,400","86,311","52,474","2,49,081","1,77,238","58,653","51,774","2,16,095","1,98,462"
216,Kanthi Dakshin,Purbo Medinipur,"Rule 10: Muslim 30-40%, BJP led in 2024",BJP Possible,"-18,774","-10,293",-5380,14793,"4,198","-4,283","8,481",2.305707698,0,1,-0.096528392,58.0%,40.0%,1.0%,1.0%,"2,16,913","1,82,655","93,792","74,777","2,24,657","1,94,681","88,184","98,477","2,33,334","1,94,492","83,901","1,02,675","2,27,954","2,09,285"
32,Karandighi,Uttar Dinajpur,"Rule 10: Muslim 30-40%, BJP led in 2024",BJP Possible,"-21,572","36,626",-46998,5480,"6,167","-52,031","58,198",16.86952839,0,0,-0.100975491,60.0%,38.0%,1.0%,1.0%,"2,46,578","1,98,507","66,045","82,009","2,62,583","2,13,136","1,16,594","79,968","2,78,597","2,13,636","64,563","86,135","2,31,599","2,19,116"
85,Krishnanagar Dakshin,Nadia,"Rule 10: Muslim 30-40%, BJP led in 2024",BJP Possible,"-8,938","9,305",-23173,2455,"3,751","-14,492","18,243",9.947457438,0,0,-0.046427551,60.0%,38.0%,1.0%,1.0%,"2,17,294","1,85,760","76,057","82,781","2,25,118","1,95,685","91,738","82,433","2,32,954","1,92,515","77,246","86,184","2,09,781","1,94,970"
33,Hemtabad,Uttar Dinajpur,"Rule 10: Muslim 30-40%, BJP led in 2024",BJP Possible,"-7,795","27,215",-33332,11952,"6,951","-28,059","35,010",11.91015572,0,0,-0.034536537,62.0%,36.0%,1.0%,1.0%,"2,52,710","2,10,333","79,562","85,738","2,65,318","2,23,301","1,16,425","89,210","2,79,862","2,25,703","88,366","96,161","2,46,530","2,37,655"
36,Itahar,Uttar Dinajpur,"Rule 10: Muslim 30-40%, contested zone, TMC holds lead",TMC Contested,"30,769","43,975",-29647,21442,"-3,742","-16,948","13,206",12.29813871,1,0,0.169721608,67.0%,31.0%,1.0%,1.0%,"2,18,595","1,75,094","87,506","59,729","2,29,362","1,93,986","1,14,645","70,670","2,41,069","1,81,291","97,697","66,928","2,11,422","2,02,733"
37,Kushmandi,Dakshin Dinajpur,"Rule 3: Muslim <30%, voter increase > TMC 2024 margin",BJP Possible,"4,523","12,584",-24041,15398,"4,022","-4,039","8,061",10.45679141,0,0,0.024674722,70.0%,28.0%,1.0%,1.0%,"2,09,605","1,75,447","77,648","76,908","2,19,921","1,84,075","89,968","77,384","2,29,908","1,83,305","85,929","81,406","2,05,867","1,98,703"
38,Kumarganj,Dakshin Dinajpur,"Rule 9: Muslim <30%, voter roll drop > TMC 2024 and 2021 margin ",BJP Possible,"23,039","29,367",-30445,5925,"5,465",-863,"6,328",14.44054451,1,0,0.137934957,69.0%,29.0%,1.0%,1.0%,"1,94,397","1,62,414","81,518","62,759","2,03,986","1,70,928","89,763","60,396","2,10,830","1,67,028","88,900","65,861","1,80,385","1,72,953"
83,Krishnanagar Uttar,Nadia,"Rule 10: Muslim 30-40%, BJP led in 2024",BJP Possible,"-53,470","-35,089",-29929,-3143,"9,681","-8,700","18,381",12.14724922,0,1,-0.264560213,62.0%,36.0%,1.0%,1.0%,"2,30,159","1,96,357","62,324","1,15,875","2,38,220","2,01,805","74,268","1,09,357","2,46,385","2,02,109","65,568","1,19,038","2,16,456","1,98,966"
217,Ramnagar,Purbo Medinipur,"Rule 10: Muslim 30-40%, BJP led in 2024",BJP Possible,"-9,168","12,517",-4985,21649,"11,317","-10,368","21,685",1.81777076,0,1,-0.041534531,62.0%,36.0%,1.0%,1.0%,"2,55,101","2,08,451","1,00,084","92,318","2,64,900","2,22,060","1,12,622","1,00,105","2,74,237","2,20,732","1,02,254","1,11,422","2,69,252","2,42,381"
116,Bidhannagar,North 24 Parganas,"Rule 10: Muslim 30-40%, BJP led in 2024",BJP Possible,"-11,156","7,997",-43973,10153,"10,968","-8,185","19,153",17.7417793,0,0,-0.067322024,65.0%,33.0%,1.0%,1.0%,"2,31,175","1,61,532","58,956","77,872","2,43,360","1,62,035","75,912","67,915","2,47,850","1,65,711","67,727","78,883","2,03,877","1,75,864"
42,Harirampur,Dakshin Dinajpur,Rule 1: Muslim >40%,TMC Win,"10,254","22,672",-25670,18481,"6,086","-6,332","12,418",10.83282341,0,0,0.055618837,53.0%,45.0%,1.0%,1.0%,"2,15,816","1,76,255","79,978","75,013","2,28,189","1,87,642","96,131","73,459","2,36,965","1,84,362","89,799","79,545","2,11,295","2,02,843"
215,Khejuri,Purbo Medinipur,"Rule 10: Muslim 30-40%, BJP led in 2024",BJP Possible,"-20,283","-17,965",-2414,18922,"4,241","1,923","2,318",0.96409601,0,1,-0.094320671,65.0%,33.0%,1.0%,1.0%,"2,28,220","1,99,639","96,506","90,953","2,38,630","2,12,621","92,442","1,10,407","2,50,390","2,15,043","94,365","1,14,648","2,47,976","2,33,965"
35,Raiganj,Uttar Dinajpur,"Rule 10: Muslim 30-40%, BJP led in 2024",BJP Possible,"-46,739","-20,748",-32972,2034,"13,627","-12,364","25,991",15.92096495,0,1,-0.292391039,68.0%,30.0%,1.0%,1.0%,"1,90,903","1,52,458","41,742","83,944","1,98,780","1,61,347","59,027","79,775","2,07,098","1,59,851","46,663","93,402","1,74,126","1,61,885"
45,Chanchal,Malda,Rule 1: Muslim >40%,TMC Win,"16,288","67,338",-13817,43146,"1,995","-49,055","51,050",5.350345602,0,0,0.085554756,40.0%,58.0%,1.0%,1.0%,"2,38,228","1,87,295","55,144","48,987","2,49,402","1,99,679","1,15,966","48,628","2,58,245","1,90,381","66,911","50,623","2,44,428","2,33,527"
46,Harischandrapur,Malda,Rule 1: Muslim >40%,TMC Win,"20,333","77,473",-29649,27641,"4,379","-52,761","57,140",11.04249923,0,0,0.102358479,37.0%,61.0%,1.0%,1.0%,"2,38,565","1,85,470","63,117","47,490","2,52,487","2,03,153","1,22,527","45,054","2,68,499","1,98,645","69,766","49,433","2,38,850","2,26,286"
47,Malatipur,Malda,Rule 1: Muslim >40%,TMC Win,"25,643","91,949",-34538,20203,"1,948","-64,358","66,306",13.97004397,0,0,0.141455988,45.0%,53.0%,1.0%,1.0%,"2,17,884","1,70,787","58,794","35,488","2,31,907","1,85,484","1,26,157","34,208","2,47,229","1,81,279","61,799","36,156","2,12,691","2,01,482"
48,Ratua,Malda,Rule 1: Muslim >40%,TMC Win,113,"75,650",-48482,16404,"2,884","-72,653","75,537",16.43296083,0,0,0.000525088,52.0%,46.0%,1.0%,1.0%,"2,63,870","2,04,450","76,008","55,027","2,82,451","2,19,148","1,30,674","55,024","2,95,029","2,15,202","58,021","57,908","2,46,547","2,31,606"
39,Balurghat,Dakshin Dinajpur,"Rule 10: Muslim 30-40%, BJP led in 2024",BJP Possible,"-42,357","-13,436",-19518,5786,"17,695","-11,226","28,921",10.46934506,0,1,-0.282487345,68.0%,30.0%,1.0%,1.0%,"1,72,399","1,46,703","42,277","81,293","1,80,390","1,52,092","58,693","72,129","1,86,430","1,49,943","47,467","89,824","1,66,912","1,55,729"
213,Kanthi Uttar,Purbo Medinipur,"Rule 10: Muslim 30-40%, BJP led in 2024",BJP Possible,"-7,099","-9,330",-3293,17740,834,"3,065","-2,231",1.233818543,0,0,-0.030976193,68.0%,30.0%,1.0%,1.0%,"2,48,773","2,15,331","1,05,033","91,959","2,57,427","2,28,416","1,04,194","1,13,524","2,66,895","2,29,176","1,07,259","1,14,358","2,63,602","2,46,916"
214,Bhagabanpur,Purbo Medinipur,"Rule 10: Muslim 30-40%, BJP led in 2024",BJP Possible,-585,"-27,549",-1685,20800,"-12,467","14,497","-26,964",0.634747231,0,0,-0.002603216,68.0%,30.0%,1.0%,1.0%,"2,45,649","2,13,298","1,17,197","79,806","2,54,184","2,22,650","93,931","1,21,480","2,65,460","2,24,722","1,08,428","1,09,013","2,63,775","2,45,522"
40,Tapan,Dakshin Dinajpur,"Rule 2: Muslim <30%, BJP led in both 2024 & 2021",BJP Win,"-19,101","-1,650",-33002,1451,"11,167","-6,284","17,451",14.4798961,0,1,-0.103859455,69.0%,29.0%,1.0%,1.0%,"2,08,358","1,78,780","66,483","89,737","2,20,236","1,86,309","82,731","84,381","2,27,916","1,83,912","76,447","95,548","1,94,914","1,85,363"
53,Sujapur,Malda,Rule 1: Muslim >40%,TMC Win,"27,697","1,37,656",-31677,26624,"3,305","-1,06,654","1,09,959",11.81448605,0,0,0.138743062,31.0%,67.0%,1.0%,1.0%,"2,29,436","1,78,252","62,558","18,848","2,51,186","2,07,591","1,52,445","14,789","2,68,120","1,99,628","45,791","18,094","2,36,443","2,26,252"
218,Egra,Purbo Medinipur,"Rule 2: Muslim <30%, BJP led in 2024",BJP Win,"-8,998","18,491",-6918,27211,"11,083","-16,406","27,489",2.317463721,0,0,-0.037558646,70.0%,28.0%,1.0%,1.0%,"2,75,267","2,26,939","1,00,815","1,09,509","2,84,614","2,40,817","1,25,763","1,07,272","2,98,516","2,39,572","1,09,357","1,18,355","2,91,598","2,66,783"
209,Haldia,Purbo Medinipur,"Rule 2: Muslim <30%, BJP led in both 2024 & 2021",BJP Win,"-18,501","-15,008",-11542,10907,"6,646","3,153","3,493",4.380914063,0,0,-0.081672383,72.0%,26.0%,1.0%,1.0%,"2,39,256","2,11,838","1,25,296","61,475","2,51,051","2,20,823","89,118","1,04,126","2,63,461","2,26,527","92,271","1,10,772","2,51,919","2,37,434"
56,Samserganj,Murshidabad,Rule 1: Muslim >40%,TMC Win,"40,957","85,617",-86977,-36049,"18,048","-26,612","44,660",35.01320387,0,0,0.214332438,32.0%,66.0%,1.0%,1.0%,"2,16,790","1,75,925","65,115","29,071","2,35,576","1,88,582","96,417","10,800","2,48,412","1,91,091","69,805","28,848","1,61,435","1,55,042"
57,Suti,Murshidabad,Rule 1: Muslim >40%,TMC Win,"28,942","70,701",-49078,10717,"-2,498","-44,257","41,759",17.63581352,0,0,0.138159182,30.0%,68.0%,1.0%,1.0%,"2,44,295","1,99,501","94,911","50,957","2,65,418","2,16,328","1,27,351","56,650","2,78,286","2,09,483","83,094","54,152","2,29,208","2,20,200"
211,Chandipur,Purbo Medinipur,"Rule 2: Muslim <30%, BJP led in 2024",BJP Win,-842,"13,472",-3041,16133,"11,277","-3,037","14,314",1.174289962,0,0,-0.003771421,72.0%,26.0%,1.0%,1.0%,"2,37,527","2,05,254","99,573","84,110","2,45,775","2,20,327","1,09,770","96,298","2,58,965","2,23,258","1,06,733","1,07,575","2,55,924","2,39,391"
59,Raghunathganj,Murshidabad,Rule 1: Muslim >40%,TMC Win,"50,069","98,313",-62196,8440,"-1,464","-49,708","48,244",23.68036307,0,0,0.269480834,25.0%,73.0%,1.0%,1.0%,"2,31,524","1,80,545","93,156","28,727","2,49,559","1,90,478","1,26,834","28,521","2,62,648","1,85,798","77,126","27,057","2,00,452","1,94,238"
60,Sagardighi,Murshidabad,Rule 1: Muslim >40%,TMC Win,"39,320","50,206",-30014,24445,"-2,241","-13,127","10,886",12.15185978,0,0,0.215519368,28.0%,70.0%,1.0%,1.0%,"2,24,187","1,79,243","75,374","41,967","2,36,885","1,86,816","95,189","44,983","2,46,991","1,82,443","82,062","42,742","2,16,977","2,06,888"
61,Lalgola,Murshidabad,Rule 1: Muslim >40%,TMC Win,"38,568","78,396",-62920,-6439,-425,"-40,253","39,828",25.25872936,0,0,0.207362643,30.0%,68.0%,1.0%,1.0%,"2,19,664","1,75,728","65,128","28,172","2,34,381","1,90,438","1,07,860","29,464","2,49,102","1,85,993","67,607","29,039","1,86,182","1,79,554"
62,Bhagawangola,Murshidabad,Rule 1: Muslim >40%,TMC Win,"92,367","1,37,088",-52840,-4941,"1,783","-42,938","44,721",19.04432383,0,0,0.414744868,35.0%,63.0%,1.0%,1.0%,"2,48,897","2,09,077","93,108","15,421","2,63,765","2,25,990","1,53,795","16,707","2,77,458","2,22,708","1,10,857","18,490","2,24,618","2,17,767"
63,Raninagar,Murshidabad,Rule 1: Muslim >40%,TMC Win,"75,094","1,13,819",-23040,17414,-643,"-39,368","38,725",8.615306378,0,0,0.342078051,35.0%,63.0%,1.0%,1.0%,"2,43,499","2,06,267","94,455","17,435","2,56,101","2,22,016","1,34,957","21,138","2,67,431","2,19,523","95,589","20,495","2,44,391","2,36,937"
207,Nandakumar,Purbo Medinipur,"Rule 2: Muslim <30%, BJP led in 2024",BJP Win,"-7,943","5,406",-2882,16854,"7,979","-5,370","13,349",1.078112667,0,0,-0.034483507,73.0%,25.0%,1.0%,1.0%,"2,44,679","2,11,040","97,474","82,116","2,53,829","2,27,275","1,08,181","1,02,775","2,67,319","2,30,342","1,02,811","1,10,754","2,64,437","2,47,196"
65,Nabagram,Murshidabad,Rule 1: Muslim >40%,TMC Win,"22,800","35,533",-20202,10751,"-6,600","-19,333","12,733",7.674744612,0,0,0.108702907,36.0%,62.0%,1.0%,1.0%,"2,39,814","1,98,128","76,574","51,757","2,51,378","2,08,516","1,00,455","64,922","2,63,227","2,09,746","81,122","58,322","2,43,025","2,20,497"
66,Khargram,Murshidabad,Rule 1: Muslim >40%,TMC Win,"27,148","32,573",-11609,17083,"-5,934","-11,359","5,425",4.795660813,0,0,0.145594568,40.0%,58.0%,1.0%,1.0%,"2,18,894","1,74,974","77,848","48,374","2,28,923","1,85,936","93,255","60,682","2,42,073","1,86,463","81,896","54,748","2,30,464","2,03,546"
210,Nandigram,Purbo Medinipur,"Rule 2: Muslim <30%, BJP led in both 2024 & 2021",BJP Win,"-8,200","-1,956",-8206,23828,"1,346","-4,898","6,244",2.98811817,0,0,-0.03619526,73.0%,25.0%,1.0%,1.0%,"2,47,252","2,08,141","1,30,659","62,268","2,57,999","2,28,405","1,08,808","1,10,764","2,74,621","2,26,549","1,03,910","1,12,110","2,66,415","2,50,377"
68,Kandi,Murshidabad,Rule 1: Muslim >40%,TMC Win,"22,760","38,080",-17651,7875,"-7,316","-22,636","15,320",7.041388252,0,0,0.119754178,36.0%,62.0%,1.0%,1.0%,"2,25,500","1,75,096","59,419","12,592","2,38,973","1,86,481","95,399","57,319","2,50,675","1,90,056","72,763","50,003","2,33,024","1,97,931"
69,Bharatpur,Murshidabad,Rule 1: Muslim >40%,TMC Win,"39,129","43,083",-13127,26088,"-13,758","-17,712","3,954",5.202706184,0,0,0.209031369,32.0%,66.0%,1.0%,1.0%,"2,34,106","1,79,017","81,200","14,395","2,43,603","1,89,047","96,226","53,143","2,52,311","1,87,192","78,514","39,385","2,39,184","2,13,280"
70,Rejinagar,Murshidabad,Rule 1: Muslim >40%,TMC Win,"46,409","68,268",-15257,29355,199,"-21,660","21,859",5.619024469,0,0,0.222326018,45.0%,53.0%,1.0%,1.0%,"2,45,869","1,94,054","99,691","23,041","2,59,771","2,10,445","1,18,494","50,226","2,71,524","2,08,743","96,834","50,425","2,56,267","2,38,098"
71,Beldanga,Murshidabad,Rule 1: Muslim >40%,TMC Win,"27,062","53,832",-20834,20882,"-8,970","-35,740","26,770",7.867289988,0,0,0.131276529,33.0%,65.0%,1.0%,1.0%,"2,38,109","1,91,442","83,992","18,790","2,52,944","2,04,511","1,12,862","59,030","2,64,818","2,06,145","77,122","50,060","2,43,984","2,27,027"
3,Coochbehar Uttar,Coochbehar,"Rule 2: Muslim <30%, BJP led in both 2024 & 2021",BJP Win,"-17,989","-14,615",-29365,6218,"3,376",2,"3,374",10.041273,0,1,-0.073481175,74.0%,24.0%,0.5%,1.5%,"2,72,057","2,31,321","91,380","1,18,606","2,82,988","2,43,916","1,05,868","1,20,483","2,92,443","2,44,811","1,05,870","1,23,859","2,63,078","2,51,029"
73,Hariharpara,Murshidabad,Rule 1: Muslim >40%,TMC Win,"72,979","84,282",-11994,27522,"5,942","-5,361","11,303",4.658262065,0,0,0.352240751,28.0%,70.0%,1.0%,1.0%,"2,34,385","1,98,001","87,139","14,538","2,47,421","2,16,075","1,02,660","18,378","2,57,478","2,07,185","97,299","24,320","2,45,484","2,34,707"
74,Nowda,Murshidabad,Rule 1: Muslim >40%,TMC Win,"47,938","74,153",-20389,17548,"-2,984","-29,199","26,215",7.960535049,0,0,0.235865442,27.0%,71.0%,1.0%,1.0%,"2,34,725","1,88,185","82,743","17,346","2,47,688","2,02,349","1,17,684","43,531","2,56,126","2,03,243","88,485","40,547","2,35,737","2,20,791"
75,Domkal,Murshidabad,Rule 1: Muslim >40%,TMC Win,"96,740","1,15,323",-9241,35173,-283,"-18,866","18,583",3.340744356,0,0,0.434481891,55.0%,43.0%,1.0%,1.0%,"2,52,477","2,07,106","84,808","10,271","2,66,283","2,26,183","1,27,671","12,348","2,76,615","2,22,656","1,08,805","12,065","2,67,374","2,57,829"
76,Jalangi,Murshidabad,Rule 1: Muslim >40%,TMC Win,"49,009","80,067",-9520,32736,"-3,300","-34,358","31,058",3.496054086,0,0,0.223155661,50.0%,48.0%,1.0%,1.0%,"2,48,597","2,07,038","79,434","34,941","2,61,258","2,22,167","1,23,840","43,773","2,72,307","2,19,618","89,482","40,473","2,62,787","2,52,354"
77,Karimpur,Nadia,"Rule 10: Muslim 30-40%, contested zone, TMC holds lead",TMC Contested,"12,323","23,575",-7529,19907,"-6,330","-17,582","11,252",2.891620867,0,0,0.056274546,58.0%,40.0%,1.0%,1.0%,"2,41,366","2,06,242","87,513","73,173","2,51,039","2,21,506","1,10,911","87,336","2,60,373","2,18,980","93,329","81,006","2,52,844","2,38,887"
97,Gaighata,North 24 Parganas,"Rule 2: Muslim <30%, BJP led in both 2024 & 2021",BJP Win,"-27,005","-9,578",-40763,-11595,"14,383","-3,044","17,427",15.47065119,0,1,-0.123363453,74.0%,24.0%,1.0%,1.0%,"2,40,980","2,02,101","73,974","1,09,922","2,52,053","2,13,243","91,230","1,00,808","2,63,486","2,18,906","88,186","1,15,191","2,22,723","2,07,311"
79,Palashipara,Nadia,"Rule 10: Muslim 30-40%, contested zone, TMC holds lead",TMC Contested,"34,100","51,336",-21014,15649,"4,629","-12,607","17,236",8.317961953,0,0,0.172588319,62.0%,36.0%,1.0%,1.0%,"2,32,409","1,87,582","95,195","59,135","2,44,867","2,03,385","1,10,274","58,938","2,52,634","1,97,580","97,667","63,567","2,31,620","2,13,229"
80,Kaliganj,Nadia,"Rule 7: Muslim <30%, BJP gaining+TMC losing 2021?24 (divergence >10k)",BJP Contested,"30,773","46,987",-21119,16483,"-1,464","-17,678","16,214",8.32837104,0,0,0.153342868,,,,,"2,34,435","1,94,775","99,839","62,611","2,48,358","2,09,379","1,11,696","64,709","2,53,579","2,00,681","94,018","63,245","2,32,460","2,17,164"
81,Nakashipara,Nadia,"Rule 10A: Muslim 30-40%, contested zone, Voter drop > TMC 24 margin and high vote increase",BJP Contested,"6,099","21,271",-37736,-4175,801,"-14,371","15,172",14.71734171,0,0,0.029700511,63.0%,35.0%,1.0%,1.0%,"2,35,260","1,96,804","87,893","82,813","2,47,691","2,09,570","1,04,812","83,541","2,56,405","2,05,350","90,441","84,342","2,18,669","2,01,175"
82,Chapra,Nadia,"Rule 10: Muslim 30-40%, contested zone, TMC holds lead",TMC Contested,"56,875","15,698",-26764,6170,"-1,505","39,672","-41,177",10.34073742,1,0,0.280452867,65.0%,33.0%,1.0%,1.0%,"2,37,345","1,95,142","1,04,975","55,603","2,48,014","2,13,175","73,866","58,168","2,58,821","2,02,797","1,13,538","56,663","2,32,057","2,08,967"
208,Mahisadal,Purbo Medinipur,"Rule 2: Muslim <30%, BJP led in 2024",BJP Win,"-9,454","2,386",-2986,15185,"6,399","-5,441","11,840",1.164091708,0,0,-0.042813151,74.0%,24.0%,1.0%,1.0%,"2,35,375","2,04,768","96,215","79,299","2,45,266","2,19,355","1,01,986","99,600","2,56,509","2,20,820","96,545","1,05,999","2,53,523","2,36,005"
84,Nabadwip,Nadia,"Rule 10A: Muslim 30-40%, contested zone, Voter drop > TMC 24 margin and high vote increase",BJP Contested,"5,556","18,571",-21514,6735,"3,053","-9,962","13,015",8.553424113,0,0,0.026678703,64.0%,34.0%,1.0%,1.0%,"2,37,432","2,02,229","88,421","84,357","2,43,159","2,10,589","1,02,170","83,599","2,51,525","2,08,256","92,208","86,652","2,30,011","2,14,991"
224,Kharagpur Sadar,Paschim Medinipur,"Rule 2: Muslim <30%, BJP led in both 2024 & 2021",BJP Win,"-21,906","-3,771",-59180,-6979,"8,115","-10,020","18,135",24.68816487,0,1,-0.131073974,74.0%,24.0%,1.0%,1.0%,"2,25,483","1,63,236","48,293","93,425","2,34,672","1,71,385","75,836","79,607","2,39,710","1,67,127","65,816","87,722","1,80,530","1,60,148"
2,Mathabhanga,Coochbehar,"Rule 2: Muslim <30%, BJP led in both 2024 & 2021",BJP Win,"-10,638","-26,134",-16559,18180,"-2,637","12,859","-15,496",6.241236865,0,0,-0.047979217,75.0%,23.0%,0.5%,1.5%,"2,41,785","2,07,363","86,188","1,07,063","2,48,022","2,14,203","87,115","1,13,249","2,65,316","2,21,721","99,974","1,10,612","2,48,757","2,39,901"
8,Natabari,Coochbehar,"Rule 2: Muslim <30%, BJP led in both 2024 & 2021",BJP Win,"-1,146","-23,440",-15188,10532,"-6,680","15,614","-22,294",5.953486914,0,0,-0.005207718,75.0%,23.0%,0.5%,1.5%,"2,35,277","2,06,515","86,018","1,04,543","2,45,040","2,17,173","88,303","1,11,743","2,55,111","2,20,058","1,03,917","1,05,063","2,39,923","2,30,590"
87,Ranaghat Uttar Paschim,Nadia,"Rule 2: Muslim <30%, BJP led in both 2024 & 2021",BJP Win,"-34,199","-23,128",-34502,-5095,"1,649","-9,422","11,071",12.91155536,0,1,-0.155510083,75.0%,23.0%,1.0%,1.0%,"2,54,878","2,15,193","74,568","1,19,000","2,65,846","2,23,193","90,509","1,13,637","2,67,218","2,19,915","81,087","1,15,286","2,32,716","2,14,820"
88,Krishnaganj,Nadia,"Rule 2: Muslim <30%, BJP led in both 2024 & 2021",BJP Win,"-27,125","-21,277",-29050,-1670,"1,212","-4,636","5,848",10.29827783,0,1,-0.118437886,75.0%,23.0%,1.0%,1.0%,"2,64,311","2,21,571","83,729","1,21,236","2,73,728","2,31,938","96,391","1,17,668","2,82,086","2,29,023","91,755","1,18,880","2,53,036","2,27,353"
95,Bangaon Uttar,North 24 Parganas,"Rule 2: Muslim <30%, BJP led in both 2024 & 2021",BJP Win,"-25,030","-10,488",-38544,-691,"12,087","-2,455","14,542",14.5720702,0,1,-0.11921659,75.0%,23.0%,1.0%,1.0%,"2,42,070","1,97,041","76,188","1,04,558","2,51,387","2,05,175","87,273","97,761","2,64,506","2,09,954","84,818","1,09,848","2,25,962","2,09,263"
86,Santipur,Nadia,"Rule 2: Muslim <30%, BJP led in both 2024 & 2021",BJP Win,"-29,947","-15,878",-30838,-3306,"1,101","-12,968","14,069",11.93813755,0,1,-0.13957141,76.0%,22.0%,1.0%,1.0%,"2,41,946","2,09,543","77,587","1,12,599","2,55,619","2,19,692","93,844","1,09,722","2,58,315","2,14,564","80,876","1,10,823","2,27,477","2,11,258"
89,Ranaghat Uttar Purba,Nadia,"Rule 2: Muslim <30%, BJP led in both 2024 & 2021",BJP Win,"-39,399","-31,782",-41565,-5241,"1,748","-5,869","7,617",15.17170139,0,1,-0.184584464,76.0%,22.0%,1.0%,1.0%,"2,53,927","2,03,317","73,611","1,16,837","2,64,929","2,14,736","85,004","1,16,786","2,73,964","2,13,447","79,135","1,18,534","2,32,399","2,08,206"
91,Chakdaha,Nadia,"Rule 2: Muslim <30%, BJP led in both 2024 & 2021",BJP Win,"-23,720","-11,680",-27815,-814,"4,935","-7,105","12,040",11.04664093,0,0,-0.113514548,76.0%,22.0%,1.0%,1.0%,"2,35,069","1,99,105","71,144","1,01,131","2,45,514","2,12,064","87,688","99,368","2,51,796","2,08,960","80,583","1,04,303","2,23,981","2,08,146"
94,Bagda,North 24 Parganas,"Rule 2: Muslim <30%, BJP led in both 2024 & 2021",BJP Win,"-20,614","-9,792",-45239,-1089,"4,593","-6,229","10,822",15.80523219,0,1,-0.095083903,76.0%,22.0%,1.0%,1.0%,"2,68,570","2,07,954","85,283","1,09,740","2,77,464","2,18,791","98,319","1,08,111","2,86,228","2,16,798","92,090","1,12,704","2,40,989","2,15,709"
96,Bangaon Dakshin,North 24 Parganas,"Rule 2: Muslim <30%, BJP led in both 2024 & 2021",BJP Win,"-18,677","-2,004",-32603,64,"10,629","-6,044","16,673",12.49338984,0,1,-0.088704928,76.0%,22.0%,1.0%,1.0%,"2,37,407","1,95,491","76,628","1,05,156","2,48,278","2,07,834","95,824","97,828","2,60,962","2,10,552","89,780","1,08,457","2,28,359","2,10,616"
90,Ranaghat Dakshin,Nadia,"Rule 2: Muslim <30%, BJP led in both 2024 & 2021",BJP Win,"-36,936","-16,515",-39349,-7311,"4,308","-16,113","20,421",13.44368711,0,1,-0.155303556,77.0%,21.0%,1.0%,1.0%,"2,74,689","2,27,997","79,676","1,24,607","2,85,180","2,41,687","1,02,745","1,19,260","2,92,695","2,37,831","86,632","1,23,568","2,53,346","2,30,520"
92,Kalyani,Nadia,"Rule 2: Muslim <30%, BJP led in both 2024 & 2021",BJP Win,"-10,422","-2,206",-36711,-5709,"7,654",-562,"8,216",13.73914671,0,0,-0.047528274,77.0%,21.0%,1.0%,1.0%,"2,45,185","2,05,347","86,236","93,292","2,57,683","2,20,338","94,820","97,026","2,67,200","2,19,280","94,258","1,04,680","2,30,489","2,13,571"
98,Swarupnagar,North 24 Parganas,"Default: TMC positive margin, no BJP trigger met",TMC Win,"39,218","34,800",-22676,11891,"2,550","6,968","-4,418",9.011250154,1,0,0.190724908,73.0%,25.0%,1.0%,1.0%,"2,38,755","1,95,894","92,174","68,203","2,46,109","2,11,804","99,784","64,984","2,51,641","2,05,626","1,06,752","67,534","2,28,965","2,17,517"
99,Baduria,North 24 Parganas,"Default: TMC positive margin, no BJP trigger met",TMC Win,"50,562","56,444",-15606,12428,"5,477",-405,"5,882",6.198563757,1,0,0.236840996,78.0%,20.0%,1.0%,1.0%,"2,35,543","2,00,572","96,216","56,310","2,43,747","2,12,883","1,09,701","53,257","2,51,768","2,13,485","1,09,296","58,734","2,36,162","2,25,913"
100,Habra,North 24 Parganas,"Rule 2: Muslim <30%, BJP led in 2024",BJP Win,"-19,933","3,841",-41038,-10058,"15,397","-8,377","23,774",16.42439766,0,0,-0.096208238,77.0%,21.0%,1.0%,1.0%,"2,34,596","1,94,858","77,858","97,310","2,42,425","2,04,171","90,533","86,692","2,49,860","2,07,186","82,156","1,02,089","2,08,822","1,97,128"
101,Ashoknagar,North 24 Parganas,"Rule 7: Muslim <30%, BJP gaining+TMC losing 2021?24 (divergence >10k)",BJP Contested,"13,094","23,532",-37445,-2618,"14,652","4,214","10,438",14.0269188,0,0,0.059336934,79.0%,19.0%,1.0%,1.0%,"2,41,160","2,02,977","93,109","79,592","2,57,180","2,16,724","93,587","70,055","2,66,951","2,20,672","97,801","84,707","2,29,506","2,18,054"
102,Amdanga,North 24 Parganas,"Default: TMC positive margin, no BJP trigger met",TMC Win,"35,273","25,480",-30384,-811,"5,772","15,565","-9,793",12.0767436,0,0,0.165417659,78.0%,20.0%,1.0%,1.0%,"2,30,566","1,95,051","98,653","62,087","2,42,462","2,11,742","88,935","63,455","2,51,591","2,13,236","1,04,500","69,227","2,21,207","2,12,425"
103,Bijpur,North 24 Parganas,"Rule 4: Muslim <30%, voter roll drop ? 2x TMC 2024 margin",BJP Possible,"9,671","13,347",-33656,5187,"1,793","-1,883","3,676",17.55183779,0,0,0.069831253,80.0%,18.0%,1.0%,1.0%,"1,85,513","1,31,884","51,016","58,912","1,92,316","1,39,096","66,625","53,278","1,91,752","1,38,491","64,742","55,071","1,58,096","1,43,678"
104,Naihati,North 24 Parganas,"Rule 5: Muslim <20%, voter roll drop > TMC 2024 margin",BJP Possible,"15,518","18,855",-25180,-196,974,"-2,363","3,337",12.8626233,0,0,0.099297406,80.0%,18.0%,1.0%,1.0%,"1,88,562","1,51,375","64,375","65,601","1,93,930","1,56,468","77,753","58,898","1,95,761","1,56,278","75,390","59,872","1,70,581","1,56,082"
93,Haringhata,Nadia,"Rule 2: Muslim <30%, BJP led in both 2024 & 2021",BJP Win,"-10,769","-15,200",-22160,4421,872,"5,303","-4,431",8.961899793,0,0,-0.052080512,78.0%,20.0%,1.0%,1.0%,"2,31,665","2,00,638","84,899","94,366","2,40,606","2,10,874","82,466","97,666","2,47,269","2,06,776","87,769","98,538","2,25,109","2,11,197"
106,Jagatdal,North 24 Parganas,"Rule 7: Muslim <30%, BJP gaining+TMC losing 2021?24 (divergence >10k)",BJP Contested,"5,984","18,364",-40116,-1612,"7,313","-5,067","12,380",17.01661958,0,0,0.032787065,79.0%,19.0%,1.0%,1.0%,"2,22,050","1,74,320","69,369","77,733","2,33,871","1,81,287","87,030","68,666","2,35,746","1,82,511","81,963","75,979","1,95,630","1,80,899"
107,Noapara,North 24 Parganas,"Rule 7: Muslim <30%, BJP gaining+TMC losing 2021?24 (divergence >10k)",BJP Contested,"11,859","26,710",-51448,-6965,"7,385","-7,466","14,851",19.40152729,0,0,0.061393427,80.0%,18.0%,1.0%,1.0%,"2,52,447","1,92,306","78,957","78,431","2,62,153","1,92,634","94,203","67,493","2,65,175","1,93,164","86,737","74,878","2,13,727","1,86,199"
108,Barrackpur,North 24 Parganas,"Rule 3: Muslim <30%, voter increase > TMC 2024 margin",BJP Possible,"3,460","9,222",-45688,6148,"1,408","-4,354","5,762",21.11919532,0,0,0.023517257,75.0%,22.0%,2.0%,1.0%,"2,07,922","1,48,612","60,527","64,046","2,15,356","1,48,249","68,887","59,665","2,16,334","1,47,126","64,533","61,073","1,70,646","1,53,274"
109,Khardaha,North 24 Parganas,"Rule 7: Muslim <30%, BJP gaining+TMC losing 2021?24 (divergence >10k)",BJP Contested,"10,972","28,140",-30817,5751,"8,361","-8,807","17,168",12.80456389,0,0,0.057913183,74.0%,23.0%,2.0%,1.0%,"2,17,450","1,75,947","73,767","72,499","2,32,619","1,83,147","89,807","61,667","2,40,672","1,89,456","81,000","70,028","2,09,855","1,95,207"
110,Dum Dum Uttar,North 24 Parganas,"Rule 7: Muslim <30%, BJP gaining+TMC losing 2021?24 (divergence >10k)",BJP Contested,"6,302","28,499",-41900,4784,"13,149","-9,048","22,197",14.84546894,0,0,0.029047498,78.0%,20.0%,1.0%,1.0%,"2,56,549","2,08,024","83,995","78,346","2,73,015","2,13,149","95,465","66,966","2,82,241","2,16,955","86,417","80,115","2,40,341","2,21,739"
111,Panihati,North 24 Parganas,"Rule 7: Muslim <30%, BJP gaining+TMC losing 2021?24 (divergence >10k)",BJP Contested,"12,435","25,177",-41135,1770,"-1,844","-14,586","12,742",17.81900723,0,0,0.072389102,79.0%,19.0%,1.0%,1.0%,"2,22,235","1,69,149","73,802","64,071","2,30,748","1,74,356","86,495","61,318","2,30,849","1,71,780","71,909","59,474","1,89,714","1,73,550"
112,Kamarhati,North 24 Parganas,"Rule 10: Muslim 30-40%, contested zone, TMC holds lead",TMC Contested,"18,800","35,408",-39772,3989,"4,774","-11,834","16,608",19.64845024,0,0,0.132014128,65.0%,33.0%,1.0%,1.0%,"1,89,029","1,39,098","63,356","45,631","1,97,103","1,44,310","73,845","38,437","2,02,418","1,42,409","62,011","43,211","1,62,646","1,46,398"
113,Baranagar,North 24 Parganas,"Rule 10: Muslim 30-40%, contested zone, TMC holds lead",TMC Contested,"11,977","35,147",-32515,4894,"6,982","-16,188","23,170",14.84323643,0,0,0.074686804,68.0%,30.0%,1.0%,1.0%,"2,08,539","1,58,136","70,176","55,481","2,17,774","1,60,259","85,615","50,468","2,19,056","1,60,363","69,427","57,450","1,86,541","1,65,257"
114,Dum Dum,North 24 Parganas,"Rule 10A: Muslim 30-40%, contested zone, Voter drop > TMC 24 margin and high vote increase",BJP Contested,"9,591","26,731",-38804,7766,"9,430","-7,710","17,140",15.13741247,0,0,0.050892516,64.0%,34.0%,1.0%,1.0%,"2,32,748","1,80,291","76,526","71,414","2,47,858","1,85,334","87,999","61,268","2,56,345","1,88,456","80,289","70,698","2,17,541","1,96,222"
115,Rajarhat New Town,North 24 Parganas,"Rule 10: Muslim 30-40%, contested zone, TMC holds lead",TMC Contested,"28,417","56,432",-49773,660,"20,463","-7,552","28,015",15.68058522,0,0,0.113733511,66.0%,32.0%,1.0%,1.0%,"2,59,086","2,11,271","1,03,343","79,700","2,89,075","2,34,906","1,27,374","70,942","3,17,418","2,49,856","1,19,822","91,405","2,67,645","2,50,516"
190,Chunchura,Hooghly,"Rule 2: Muslim <30%, BJP led in 2024",BJP Win,"-8,264","18,417",-42634,-1022,"14,073","-12,608","26,681",13.39222049,0,0,-0.032653577,78.0%,20.0%,1.0%,1.0%,"3,04,263","2,47,038","95,587","1,16,603","3,14,274","2,54,737","1,17,104","98,687","3,18,349","2,53,081","1,04,496","1,12,760","2,75,715","2,52,059"
117,Rajarhat Gopalpur,North 24 Parganas,"Rule 7: Muslim <30%, BJP gaining+TMC losing 2021?24 (divergence >10k)",BJP Contested,74,"25,296",-50411,4648,"12,808","-12,414","25,222",18.71920268,0,0,0.000399909,73.0%,25.0%,1.0%,1.0%,"2,39,646","1,72,462","70,085","70,828","2,57,447","1,78,723","87,650","62,354","2,69,301","1,85,042","75,236","75,162","2,18,890","1,89,690"
118,Madhyamgram,North 24 Parganas,"Rule 7: Muslim <30%, BJP gaining+TMC losing 2021?24 (divergence >10k)",BJP Contested,"31,650","48,126",-40424,-4248,"14,567","-1,909","16,476",14.18838998,0,0,0.134349266,78.0%,20.0%,1.0%,1.0%,"2,58,249","2,15,729","1,06,815","72,379","2,72,397","2,30,431","1,12,741","64,615","2,84,909","2,35,580","1,10,832","79,182","2,44,485","2,31,332"
119,Barasat,North 24 Parganas,"Rule 7: Muslim <30%, BJP gaining+TMC losing 2021?24 (divergence >10k)",BJP Contested,"3,172","23,783",-35910,2589,"16,728","-3,883","20,611",12.45365859,0,0,0.013693131,75.0%,23.0%,1.0%,1.0%,"2,63,418","2,14,334","93,023","89,433","2,79,592","2,25,707","1,04,431","80,648","2,88,349","2,31,649","1,00,548","97,376","2,52,439","2,34,238"
120,Deganga,North 24 Parganas,"Default: TMC positive margin, no BJP trigger met",TMC Win,"68,245","61,659",-12260,15568,"3,936","10,522","-6,586",4.859930153,1,0,0.314668548,77.0%,21.0%,1.0%,1.0%,"2,30,568","1,92,569","1,14,715","40,809","2,42,652","2,14,380","1,00,105","38,446","2,52,267","2,16,879","1,10,627","42,382","2,40,007","2,32,447"
121,Haroa,North 24 Parganas,"Default: TMC positive margin, no BJP trigger met",TMC Win,"1,11,121","91,892",-25649,7790,"-4,271","14,958","-19,229",9.533207706,1,0,0.484956532,78.0%,20.0%,1.0%,1.0%,"2,46,768","2,08,608","1,34,543","36,995","2,59,206","2,27,395","1,30,398","38,506","2,69,049","2,29,136","1,45,356","34,235","2,43,400","2,36,926"
122,Minakhan,North 24 Parganas,"Default: TMC positive margin, no BJP trigger met",TMC Win,"71,168","55,830",-24502,997,"-2,199","13,139","-15,338",9.939435243,1,0,0.332804908,78.0%,20.0%,1.0%,1.0%,"2,25,814","1,96,868","1,18,433","51,867","2,36,528","2,12,352","1,09,818","53,988","2,46,513","2,13,843","1,22,957","51,789","2,22,011","2,14,840"
123,Sandeshkhali,North 24 Parganas,"Rule 2: Muslim <30%, BJP led in 2024",BJP Win,"-8,387","39,685",-22548,12127,"23,097","-24,975","48,072",9.172677236,0,0,-0.041526792,79.0%,19.0%,1.0%,1.0%,"2,29,369","1,97,486","1,03,600","76,688","2,38,633","2,05,787","1,12,450","72,765","2,45,817","2,01,966","87,475","95,862","2,23,269","2,14,093"
124,Basirhat Dakshin,North 24 Parganas,"Rule 9: Muslim <30%, voter roll drop > TMC 2024 and 2021 margin ",BJP Possible,"15,023","24,468",-20152,12725,"3,754","-5,691","9,445",7.183980778,0,0,0.0637205,76.0%,22.0%,1.0%,1.0%,"2,64,856","2,24,593","1,05,406","90,506","2,75,934","2,35,737","1,15,873","91,405","2,80,513","2,35,764","1,10,182","95,159","2,60,361","2,48,489"
125,Basirhat Uttar,North 24 Parganas,"Default: TMC positive margin, no BJP trigger met",TMC Win,"82,955","89,711",-32461,-368,"4,102","-2,654","6,756",11.68296449,1,0,0.349340105,77.0%,21.0%,1.0%,1.0%,"2,55,167","2,20,870","1,27,736","44,980","2,68,034","2,38,426","1,37,216","47,505","2,77,849","2,37,462","1,34,562","51,607","2,45,388","2,37,094"
126,Hingalganj,North 24 Parganas,"Rule 7: Muslim <30%, BJP gaining+TMC losing 2021?24 (divergence >10k)",BJP Contested,"10,507","24,916",-19243,17776,"1,417","-12,992","14,409",8.21069699,0,0,0.056045703,76.0%,22.0%,1.0%,1.0%,"2,20,840","1,83,479","95,986","73,759","2,28,508","1,94,681","1,04,706","79,790","2,34,365","1,87,472","91,714","81,207","2,15,122","2,05,248"
127,Gosaba,South 24 Parganas,"Default: TMC positive margin, no BJP trigger met",TMC Win,"26,852","23,709",-16018,22695,"-7,239","-4,096","-3,143",6.748683379,1,0,0.143989361,74.0%,24.0%,1.0%,1.0%,"2,21,014","1,83,191","1,01,522","72,236","2,30,348","1,95,808","1,05,723","82,014","2,37,350","1,86,486","1,01,627","74,775","2,21,332","2,09,181"
128,Basanti,South 24 Parganas,"Default: TMC positive margin, no BJP trigger met",TMC Win,"78,001","50,642",-33020,20695,"-6,768","20,591","-27,359",12.08094452,1,0,0.372591917,75.0%,23.0%,1.0%,1.0%,"2,41,460","1,90,021","1,13,384","56,927","2,60,681","2,13,910","1,11,453","60,811","2,73,323","2,09,347","1,32,044","54,043","2,40,303","2,30,042"
129,Kultali,South 24 Parganas,"Default: TMC positive margin, no BJP trigger met",TMC Win,"38,407","47,177",-22959,28125,"9,890","1,120","8,770",8.064419818,1,0,0.172139928,76.0%,22.0%,1.0%,1.0%,"2,48,511","2,02,429","87,106","78,695","2,65,561","2,27,351","1,17,238","70,061","2,84,695","2,23,115","1,18,358","79,951","2,61,736","2,51,240"
130,Patharpratima,South 24 Parganas,"Rule 10: Muslim 30-40%, contested zone, TMC holds lead",TMC Contested,"25,172","22,134",-14484,20554,"-8,330","-5,292","-3,038",5.321322027,1,0,0.112293788,60.0%,38.0%,1.0%,1.0%,"2,52,617","2,17,376","1,13,060","77,281","2,63,675","2,31,786","1,20,181","98,047","2,72,188","2,24,162","1,14,889","89,717","2,57,704","2,44,716"
131,Kakdwip,South 24 Parganas,Rule 1: Muslim >40%,TMC Win,"25,406","25,302",-19962,11645,"-2,713","-2,609",-104,7.628342798,1,0,0.116379528,55.0%,43.0%,1.0%,1.0%,"2,34,574","2,04,223","1,06,230","80,747","2,47,826","2,19,597","1,14,493","89,191","2,61,682","2,18,303","1,11,884","86,478","2,41,720","2,29,948"
132,Sagar,South 24 Parganas,"Rule 10: Muslim 30-40%, contested zone, TMC holds lead",TMC Contested,"18,715","29,846",-11141,19893,"3,094","-8,037","11,131",3.905778912,1,0,0.07936205,58.0%,40.0%,1.0%,1.0%,"2,61,343","2,25,955","1,19,070","87,058","2,74,715","2,39,067","1,29,000","99,154","2,85,244","2,35,818","1,20,963","1,02,248","2,74,103","2,55,711"
133,Kulpi,South 24 Parganas,Rule 1: Muslim >40%,TMC Win,"32,046","33,818",-15969,17293,"-2,032","-3,804","1,772",6.865758914,0,0,0.169192106,52.0%,46.0%,1.0%,1.0%,"2,08,432","1,74,482","90,512","64,824","2,20,144","1,93,130","96,577","62,759","2,32,589","1,89,406","92,773","60,727","2,16,620","2,06,699"
134,Raidighi,South 24 Parganas,Rule 1: Muslim >40%,TMC Win,"20,937","35,568",-19820,20721,"12,625","-2,006","14,631",6.889934855,0,0,0.088863706,53.0%,45.0%,1.0%,1.0%,"2,61,449","2,20,752","1,04,261","91,342","2,73,558","2,38,720","1,15,707","80,139","2,87,666","2,35,608","1,13,701","92,764","2,67,846","2,56,329"
135,Mandirbazar,South 24 Parganas,Rule 1: Muslim >40%,TMC Win,"20,411","23,492",-17625,12875,"1,186","-1,895","3,081",7.352481071,0,0,0.102488526,54.0%,44.0%,1.0%,1.0%,"2,19,218","1,85,018","93,819","72,595","2,29,129","1,99,490","95,834","72,342","2,39,715","1,99,154","93,939","73,528","2,22,090","2,12,029"
136,Jaynagar,South 24 Parganas,"Rule 10: Muslim 30-40%, contested zone, TMC holds lead",TMC Contested,"42,290","38,683",-25291,12190,"3,198","6,805","-3,607",10.01508738,1,0,0.209682378,60.0%,38.0%,1.0%,1.0%,"2,28,100","1,85,028","89,672","73,095","2,39,968","2,02,431","1,04,952","66,269","2,52,529","2,01,686","1,11,757","69,467","2,27,238","2,13,876"
137,Baruipur Purba,South 24 Parganas,Rule 1: Muslim >40%,TMC Win,"48,776","49,641",-40350,8412,"-3,440","-4,305",865,14.13527829,1,0,0.217419018,56.0%,42.0%,1.0%,1.0%,"2,45,552","2,04,929","99,719","72,214","2,65,091","2,25,114","1,23,243","73,602","2,85,456","2,24,341","1,18,938","70,162","2,45,106","2,32,753"
138,Canning Paschim,South 24 Parganas,"Rule 10: Muslim 30-40%, contested zone, TMC holds lead",TMC Contested,"69,862","35,243",-30880,7573,"-12,790","21,829","-34,619",11.47460575,1,0,0.314469882,62.0%,36.0%,1.0%,1.0%,"2,41,032","1,99,710","1,02,402","77,056","2,57,681","2,18,354","1,11,059","75,816","2,69,116","2,22,158","1,32,888","63,026","2,38,236","2,29,731"
139,Canning Purba,South 24 Parganas,"Default: TMC positive margin, no BJP trigger met",TMC Win,"1,66,224","87,798",-29607,10435,"-16,158","62,268","-78,426",10.7163023,1,0,0.720942034,79.0%,19.0%,1.0%,1.0%,"2,39,491","2,06,273","1,66,897","23,724","2,62,349","2,32,766","1,22,301","34,503","2,76,280","2,30,565","1,84,569","18,345","2,46,673","2,41,000"
140,Baruipur Paschim,South 24 Parganas,"Rule 7: Muslim <30%, BJP gaining+TMC losing 2021?24 (divergence >10k)",BJP Contested,"40,248","61,910",-42774,6819,"6,069","-15,593","21,662",15.50507302,0,0,0.188573517,80.0%,18.0%,1.0%,1.0%,"2,32,897","1,91,348","94,359","59,327","2,53,749","2,11,293","1,21,006","59,096","2,75,871","2,13,434","1,05,413","65,165","2,33,097","2,20,253"
141,Magrahat Purba,South 24 Parganas,"Default: TMC positive margin, no BJP trigger met",TMC Win,"46,871","54,079",-19481,16576,"6,073","-1,135","7,208",7.728408775,1,0,0.229747416,78.0%,20.0%,1.0%,1.0%,"2,28,747","1,88,739","99,951","62,307","2,42,530","2,06,153","1,10,945","56,866","2,52,070","2,04,011","1,09,810","62,939","2,32,589","2,20,587"
142,Magrahat Paschim,South 24 Parganas,"Default: TMC positive margin, no BJP trigger met",TMC Win,"57,001","46,941",-22007,16534,"-2,729","7,331","-10,060",9.206832644,1,0,0.303392077,76.0%,22.0%,1.0%,1.0%,"2,14,463","1,73,113","99,511","48,420","2,29,437","1,94,282","97,006","50,065","2,39,029","1,87,879","1,04,337","47,336","2,17,022","2,04,413"
143,Diamond Harbour,South 24 Parganas,"Default: TMC positive margin, no BJP trigger met",TMC Win,"1,04,167","16,996",-20117,17732,"-38,306","48,865","-87,171",7.585195352,1,0,0.488368277,77.0%,21.0%,1.0%,1.0%,"2,41,842","2,06,451","1,09,134","73,673","2,55,132","2,25,397","98,478","81,482","2,65,214","2,13,296","1,47,343","43,176","2,45,097","2,31,028"
144,Falta,South 24 Parganas,"Rule 10: Muslim 30-40%, contested zone, TMC holds lead",TMC Contested,"1,68,372","40,774",-8840,7376,"-61,142","66,456","-1,27,598",3.603985584,1,0,0.816812446,58.0%,40.0%,1.0%,1.0%,"2,25,867","1,95,930","1,14,689","70,912","2,36,768","2,07,932","1,17,179","76,405","2,45,284","2,06,133","1,83,635","15,263","2,36,444","2,13,509"
145,Satgachhia,South 24 Parganas,Rule 1: Muslim >40%,TMC Win,"60,618","23,318",-22559,4094,"-19,868","17,432","-37,300",8.0911732,1,0,0.259234075,50.0%,48.0%,1.0%,1.0%,"2,58,632","2,20,278","1,11,540","86,761","2,70,193","2,35,546","1,18,635","95,317","2,78,810","2,33,835","1,36,067","75,449","2,56,251","2,37,929"
146,Bishnupur,South 24 Parganas,"Default: TMC positive margin, no BJP trigger met",TMC Win,"71,152","58,832",-30218,4912,"-8,120","4,200","-12,320",10.37666846,1,0,0.299721139,73.0%,25.0%,1.0%,1.0%,"2,64,619","2,16,472","1,17,617","73,529","2,78,650","2,37,570","1,36,509","77,677","2,91,211","2,37,394","1,40,709","69,557","2,60,993","2,42,306"
147,Sonarpur Dakshin,South 24 Parganas,"Rule 7: Muslim <30%, BJP gaining+TMC losing 2021?24 (divergence >10k)",BJP Contested,"9,719","26,181",-30501,14528,"4,868","-11,594","16,462",10.20895882,0,0,0.041688292,72.0%,26.0%,1.0%,1.0%,"2,68,521","2,13,432","88,354","73,800","2,88,263","2,32,807","1,09,222","83,041","2,98,767","2,33,135","97,628","87,909","2,68,266","2,47,663"
148,Bhangar,South 24 Parganas,"Default: TMC positive margin, no BJP trigger met",TMC Win,"87,275","44,360",-14618,20863,"-9,515","33,400","-42,915",5.087547724,0,0,0.359057379,73.0%,25.0%,1.0%,1.0%,"2,51,995","2,15,705","1,46,723","24,963","2,71,897","2,42,185","83,086","38,726","2,87,329","2,43,067","1,16,486","29,211","2,72,711","2,63,930"
149,Kasba,South 24 Parganas,"Rule 7: Muslim <30%, BJP gaining+TMC losing 2021?24 (divergence >10k)",BJP Contested,"46,850","63,622",-52278,14150,"13,779","-2,993","16,772",16.44510434,1,0,0.208089969,74.0%,24.0%,1.0%,1.0%,"2,81,202","2,03,187","98,535","63,894","3,06,266","2,23,154","1,21,372","57,750","3,17,894","2,25,143","1,18,379","71,529","2,65,616","2,39,293"
150,Jadavpur,South 24 Parganas,"Rule 7: Muslim <30%, BJP gaining+TMC losing 2021?24 (divergence >10k)",BJP Contested,"17,849","44,961",-45892,19169,"10,909","-16,203","27,112",14.96252197,0,0,0.084989572,76.0%,22.0%,1.0%,1.0%,"2,85,347","2,04,344","80,670","48,696","2,99,818","2,15,419","98,100","53,139","3,06,713","2,10,014","81,897","64,048","2,60,821","2,29,183"
151,Sonarpur Uttar,South 24 Parganas,"Rule 9: Muslim <30%, voter roll drop > TMC 2024 and 2021 margin ",BJP Possible,"32,640","36,090",-43369,8593,164,"-3,286","3,450",13.69887677,0,0,0.132731487,77.0%,21.0%,1.0%,1.0%,"2,74,581","2,16,902","1,00,167","67,796","3,00,330","2,40,495","1,19,957","83,867","3,16,588","2,45,910","1,16,671","84,031","2,73,219","2,54,503"
152,Tollyganj,South 24 Parganas,"Rule 7: Muslim <30%, BJP gaining+TMC losing 2021?24 (divergence >10k)",BJP Contested,"20,235","50,080",-33533,14733,"5,421","-24,424","29,845",12.72469235,0,0,0.107458074,75.0%,23.0%,1.0%,1.0%,"2,57,964","1,88,166","77,781","45,814","2,69,713","1,97,365","1,01,440","51,360","2,63,527","1,88,306","77,016","56,781","2,29,994","2,03,039"
153,Behala Purba,South 24 Parganas,"Rule 7: Muslim <30%, BJP gaining+TMC losing 2021?24 (divergence >10k)",BJP Contested,"15,226","37,428",-53917,15549,"8,359","-13,843","22,202",17.18913887,0,0,0.070773507,76.0%,22.0%,1.0%,1.0%,"2,88,039","2,06,212","89,341","73,483","3,08,285","2,21,872","1,10,968","73,540","3,13,669","2,15,137","97,125","81,899","2,59,752","2,30,686"
154,Behala Paschim,South 24 Parganas,"Rule 7: Muslim <30%, BJP gaining+TMC losing 2021?24 (divergence >10k)",BJP Contested,"15,196","50,884",-52128,11236,"17,119","-18,569","35,688",16.37695138,0,0,0.069026291,74.0%,24.0%,1.0%,1.0%,"2,95,727","2,17,443","91,216","75,051","3,13,198","2,31,816","1,14,778","63,894","3,18,301","2,20,148","96,209","81,013","2,66,173","2,31,384"
155,Maheshtala,South 24 Parganas,"Default: TMC positive margin, no BJP trigger met",TMC Win,"69,538","57,949",-34076,8270,"-5,534","6,055","-11,589",12.282251,1,0,0.31758312,75.0%,23.0%,1.0%,1.0%,"2,52,903","1,97,986","98,092","69,252","2,71,007","2,19,969","1,24,008","66,059","2,77,441","2,18,960","1,30,063","60,525","2,43,365","2,27,230"
156,Budge Budge,South 24 Parganas,"Default: TMC positive margin, no BJP trigger met",TMC Win,"1,17,838","44,714",-31864,-78,"-35,701","37,423","-73,124",12.17247136,1,0,0.544948367,74.0%,24.0%,1.0%,1.0%,"2,41,629","1,99,356","1,19,675","63,118","2,56,136","2,16,892","1,22,357","77,643","2,61,771","2,16,237","1,59,780","41,942","2,29,907","2,16,159"
157,Metiaburuz,South 24 Parganas,"Default: TMC positive margin, no BJP trigger met",TMC Win,"1,15,740","1,19,604",-72327,-18728,"-1,306","-5,170","3,864",27.62459849,1,0,0.583461042,75.0%,23.0%,1.0%,1.0%,"2,33,698","1,71,514","1,19,978","32,802","2,56,315","1,96,582","1,51,066","31,462","2,61,821","1,98,368","1,45,896","30,156","1,89,494","1,79,640"
158,Kolkata Port,Kolkata South,"Rule 7: Muslim <30%, BJP gaining+TMC losing 2021?24 (divergence >10k)",BJP Contested,"42,893","68,554",-67236,1101,"4,934","-20,727","25,661",28.14976701,1,0,0.28070784,74.0%,24.0%,1.0%,1.0%,"2,23,156","1,44,636","82,102","45,863","2,35,933","1,52,443","1,05,543","36,989","2,38,851","1,52,803","84,816","41,923","1,71,615","1,53,904"
159,Bhabanipur,Kolkata South,"Rule 7: Muslim <30%, BJP gaining+TMC losing 2021?24 (divergence >10k)",BJP Contested,"8,297","28,719",-45240,5166,"9,378","-11,044","20,422",22.00892227,0,0,0.061969243,72.0%,26.0%,1.0%,1.0%,"2,00,938","1,36,091","61,137","57,969","2,06,389","1,27,376","73,505","44,786","2,05,553","1,33,889","62,461","54,164","1,60,313","1,39,055"
160,Rashbehari,Kolkata South,"Rule 7: Muslim <30%, BJP gaining+TMC losing 2021?24 (divergence >10k)",BJP Contested,"1,691","21,414",-44371,4517,"11,924","-7,799","19,723",21.88167297,0,0,0.012749659,72.0%,26.0%,1.0%,1.0%,"1,99,120","1,35,529","52,555","57,976","2,06,013","1,24,455","65,704","44,290","2,02,777","1,32,631","57,905","56,214","1,58,406","1,37,148"
161,Ballygunge,Kolkata South,"Rule 10: Muslim 30-40%, contested zone, TMC holds lead",TMC Contested,"56,113","75,359",-64231,7806,"8,491","-10,755","19,246",25.3807247,1,0,0.353637017,65.0%,33.0%,1.0%,1.0%,"2,40,668","1,61,138","97,302","42,850","2,47,662","1,50,962","1,06,585","31,226","2,53,070","1,58,674","95,830","39,717","1,88,839","1,66,480"
162,Chowrangee,Kolkata North,Rule 1: Muslim >40%,TMC Win,"14,645","45,344",-83364,-6773,"15,629","-15,070","30,699",39.75146987,0,0,0.126042465,55.0%,43.0%,1.0%,1.0%,"2,02,503","1,18,261","65,445","38,885","2,08,201","1,11,493","70,101","24,757","2,09,713","1,16,191","55,031","40,386","1,26,349","1,09,418"
163,Entally,Kolkata North,Rule 1: Muslim >40%,TMC Win,"29,309","58,257",-57249,-2550,"10,685","-18,263","28,948",24.24510643,0,0,0.175361235,48.0%,50.0%,1.0%,1.0%,"2,15,405","1,56,140","89,711","48,391","2,30,814","1,56,874","1,01,709","43,452","2,36,126","1,67,135","83,446","54,137","1,78,877","1,64,585"
164,Beleghata,Kolkata North,"Rule 10: Muslim 30-40%, contested zone, TMC holds lead",TMC Contested,"46,112","67,140",-63203,4549,"10,489","-10,539","21,028",24.90248304,1,0,0.273606513,62.0%,36.0%,1.0%,1.0%,"2,42,623","1,65,014","97,583","46,681","2,50,881","1,58,506","1,03,182","36,042","2,53,802","1,68,534","92,643","46,531","1,90,599","1,73,083"
205,Panskura Paschim,Purbo Medinipur,"Rule 2: Muslim <30%, BJP led in 2024",BJP Win,-176,"8,889",-7812,24415,"5,599","-3,466","9,065",2.726168707,0,0,-0.000759344,80.0%,18.0%,1.0%,1.0%,"2,62,497","2,14,731","94,683","97,528","2,74,092","2,34,141","1,11,705","1,02,816","2,86,556","2,31,779","1,08,239","1,08,415","2,78,744","2,56,194"
105,Bhatpara,North 24 Parganas,"Rule 2: Muslim <30%, BJP led in both 2024 & 2021",BJP Win,"-17,463","-13,687",-38547,-1362,840,"-2,936","3,776",24.75054898,0,1,-0.163185781,81.0%,17.0%,1.0%,1.0%,"1,49,371","1,09,019","34,973","64,680","1,54,037","1,07,197","43,557","57,244","1,55,742","1,07,013","40,621","58,084","1,17,195","1,05,651"
167,Maniktala,Kolkata North,"Rule 10A: Muslim 30-40%, contested zone, Voter drop > TMC 24 margin and high vote increase",BJP Contested,"3,575","20,238",-44558,5548,"16,050",-613,"16,663",21.17131671,0,0,0.024786455,62.0%,36.0%,1.0%,1.0%,"2,01,736","1,42,400","61,134","60,273","2,11,308","1,32,967","67,577","47,339","2,10,464","1,44,232","66,964","63,389","1,65,906","1,49,780"
168,Kashipur-belgachhia,Kolkata North,"Rule 7: Muslim <30%, BJP gaining+TMC losing 2021?24 (divergence >10k)",BJP Contested,"7,268","35,390",-53605,6480,"17,077","-11,045","28,122",24.19642414,0,0,0.050825175,75.0%,23.0%,1.0%,1.0%,"2,17,873","1,41,955","66,617","53,025","2,23,714","1,34,872","76,182","40,792","2,21,541","1,43,000","65,137","57,869","1,67,936","1,49,480"
169,Bally,Howrah,"Rule 4: Muslim <30%, voter roll drop ? 2x TMC 2024 margin",BJP Possible,"6,492","6,237",-42582,-3014,-696,-441,-255,24.17302943,0,0,0.054538123,80.0%,18.0%,1.0%,1.0%,"1,66,106","1,22,415","51,951","51,656","1,76,197","1,25,873","53,347","47,110","1,76,155","1,19,036","52,906","46,414","1,33,573","1,16,022"
170,Howrah Uttar,Howrah,"Rule 10A: Muslim 30-40%, contested zone, Voter drop > TMC 24 margin and high vote increase",BJP Contested,"10,031","5,522",-74922,-9915,"-6,258","-1,749","-4,509",33.31791702,0,0,0.070512235,60.0%,38.0%,1.0%,1.0%,"2,05,667","1,44,233","64,056","67,017","2,18,547","1,49,720","71,575","66,053","2,24,870","1,42,259","69,826","59,795","1,49,948","1,32,344"
171,Howrah Madhya,Howrah,"Rule 7: Muslim <30%, BJP gaining+TMC losing 2021?24 (divergence >10k)",BJP Contested,"25,315","46,547",-54274,2687,"3,814","-17,418","21,232",20.16908527,0,0,0.133624353,72.0%,26.0%,1.0%,1.0%,"2,51,112","1,83,713","87,747","69,673","2,66,542","1,95,144","1,11,554","65,007","2,69,095","1,89,449","94,136","68,821","2,14,821","1,92,136"
172,Shibpur,Howrah,"Rule 7: Muslim <30%, BJP gaining+TMC losing 2021?24 (divergence >10k)",BJP Contested,"14,206","32,603",-43098,3488,"5,489","-12,908","18,397",18.10376332,0,0,0.08048634,78.0%,20.0%,1.0%,1.0%,"2,21,803","1,71,663","75,355","66,644","2,33,676","1,82,219","92,372","59,769","2,38,061","1,76,502","79,464","65,258","1,94,963","1,79,990"
173,Howrah Dakshin,Howrah,"Rule 10: Muslim 30-40%, contested zone, TMC holds lead",TMC Contested,"29,672","50,569",-61911,8557,"6,821","-14,076","20,897",20.46522852,0,0,0.140228169,68.0%,30.0%,1.0%,1.0%,"2,78,682","2,04,309","97,699","73,115","2,94,243","2,16,940","1,16,839","66,270","3,02,518","2,11,598","1,02,763","73,091","2,40,607","2,20,155"
174,Sankrail,Howrah,"Rule 10: Muslim 30-40%, contested zone, TMC holds lead",TMC Contested,"26,859","40,427",-44958,10782,"4,789","-8,779","13,568",15.76312191,0,0,0.123582271,65.0%,33.0%,1.0%,1.0%,"2,60,000","2,01,061","96,124","75,019","2,77,076","2,22,127","1,11,888","71,461","2,85,210","2,17,337","1,03,109","76,250","2,40,252","2,28,119"
175,Panchla,Howrah,"Rule 10: Muslim 30-40%, contested zone, TMC holds lead",TMC Contested,"56,658","32,751",-25567,19920,"-5,454","18,453","-23,907",9.328842898,1,0,0.266408994,67.0%,31.0%,1.0%,1.0%,"2,50,555","1,93,965","1,03,567","69,332","2,66,183","2,17,009","1,04,572","71,821","2,74,064","2,12,673","1,23,025","66,367","2,48,497","2,32,593"
176,Uluberia Purba,Howrah,"Default: TMC positive margin, no BJP trigger met",TMC Win,"24,426","17,126",-23208,16634,"-1,902","5,398","-7,300",9.602422948,0,0,0.129014198,70.0%,28.0%,1.0%,1.0%,"2,20,532","1,78,778","86,179","66,391","2,33,764","1,93,021","86,526","69,400","2,41,689","1,89,328","91,924","67,498","2,18,481","2,05,962"
177,Uluberia Uttar,Howrah,"Rule 3: Muslim <30%, voter increase > TMC 2024 margin",BJP Possible,"18,003","21,003",-18738,20055,860,"-2,140","3,000",8.027968073,0,0,0.098793277,72.0%,26.0%,1.0%,1.0%,"2,15,014","1,70,018","82,871","68,888","2,24,423","1,85,780","91,501","70,498","2,33,409","1,82,229","89,361","71,358","2,14,671","2,02,284"
178,Uluberia Dakshin,Howrah,"Default: TMC positive margin, no BJP trigger met",TMC Win,"33,133","28,438",-11457,25065,"-2,879","1,816","-4,695",4.610203047,1,0,0.165530093,74.0%,24.0%,1.0%,1.0%,"2,26,475","1,85,305","96,445","71,498","2,37,620","2,02,266","1,01,880","73,442","2,48,514","2,00,163","1,03,696","70,563","2,37,057","2,25,228"
179,Shyampur,Howrah,"Default: TMC positive margin, no BJP trigger met",TMC Win,"29,913","31,511",-7165,21625,326,"-1,272","1,598",2.689130508,1,0,0.136987493,70.0%,28.0%,1.0%,1.0%,"2,50,345","2,04,651","1,07,867","76,573","2,57,593","2,21,889","1,14,804","83,293","2,66,443","2,18,363","1,13,532","83,619","2,59,278","2,39,988"
180,Bagnan,Howrah,"Rule 10: Muslim 30-40%, contested zone, TMC holds lead",TMC Contested,"38,473","30,120",-9269,19412,"-6,779","1,574","-8,353",3.864546982,1,0,0.19478422,65.0%,33.0%,1.0%,1.0%,"2,22,779","1,87,499","1,09,070","60,776","2,31,216","1,99,935","1,06,042","75,922","2,39,847","1,97,516","1,07,616","69,143","2,30,578","2,16,928"
181,Amta,Howrah,"Rule 10: Muslim 30-40%, contested zone, TMC holds lead",TMC Contested,"27,498","26,205",-13244,28711,"-1,870",-577,"-1,293",4.901082797,0,0,0.134786189,68.0%,30.0%,1.0%,1.0%,"2,52,352","1,95,159","1,04,259","66,785","2,61,881","2,08,810","1,02,445","76,240","2,70,226","2,04,012","1,01,868","74,370","2,56,982","2,32,723"
182,Udaynarayanpur,Howrah,"Default: TMC positive margin, no BJP trigger met",TMC Win,"46,529","13,998",-13169,17058,"-19,452","13,079","-32,531",5.435895319,1,0,0.238120583,76.0%,22.0%,1.0%,1.0%,"2,27,491","1,88,607","1,07,926","68,105","2,35,467","1,98,211","1,01,510","87,512","2,42,260","1,95,401","1,14,589","68,060","2,29,091","2,12,459"
183,Jagatballavpur,Howrah,"Rule 9: Muslim <30%, voter roll drop > TMC 2024 and 2021 margin ",BJP Possible,"26,610","29,196",-27301,16039,-884,"-3,470","2,586",9.158121077,0,0,0.112987393,77.0%,21.0%,1.0%,1.0%,"2,72,392","2,18,582","1,00,571","88,641","2,88,158","2,35,721","1,16,562","87,366","2,98,107","2,35,513","1,13,092","86,482","2,70,806","2,51,552"
184,Domjur,Howrah,"Default: TMC positive margin, no BJP trigger met",TMC Win,"58,713","42,620",-41594,7249,"-17,210","-1,117","-16,093",13.38159122,1,0,0.238832866,77.0%,21.0%,1.0%,1.0%,"2,76,087","2,26,750","1,25,410","70,377","2,99,250","2,50,978","1,30,499","87,879","3,10,830","2,45,833","1,29,382","70,669","2,69,236","2,53,082"
185,Uttarpara,Hooghly,"Rule 7: Muslim <30%, BJP gaining+TMC losing 2021?24 (divergence >10k)",BJP Contested,"9,040","35,989",-33514,8470,"7,689","-19,260","26,949",12.8020597,0,0,0.046199291,78.0%,20.0%,1.0%,1.0%,"2,49,372","1,92,220","75,438","71,947","2,59,814","1,99,894","93,878","57,889","2,61,786","1,95,674","74,618","65,578","2,28,272","2,04,144"
186,Sreerampur,Hooghly,"Rule 7: Muslim <30%, BJP gaining+TMC losing 2021?24 (divergence >10k)",BJP Contested,"7,821","23,433",-49915,242,"-5,482","-21,094","15,612",19.53031767,0,0,0.042304488,79.0%,19.0%,1.0%,1.0%,"2,39,344","1,78,493","72,823","75,326","2,52,758","1,88,081","93,021","69,588","2,55,577","1,84,874","71,927","64,106","2,05,662","1,85,116"
187,Champdani,Hooghly,"Rule 7: Muslim <30%, BJP gaining+TMC losing 2021?24 (divergence >10k)",BJP Contested,"8,591","30,078",-41901,6256,"1,274","-20,213","21,487",15.88043342,0,0,0.0436812,77.0%,21.0%,1.0%,1.0%,"2,48,706","1,90,702","80,930","79,071","2,63,372","2,01,131","1,00,972","70,894","2,63,853","1,96,675","80,759","72,168","2,21,952","2,02,931"
188,Singur,Hooghly,"Default: TMC positive margin, no BJP trigger met",TMC Win,"18,826","25,923",-14197,10734,"8,760","1,663","7,097",5.643023233,0,0,0.089469957,70.0%,28.0%,1.0%,1.0%,"2,41,253","2,00,580","82,748","93,177","2,46,867","2,09,938","1,01,077","75,154","2,51,585","2,10,417","1,02,740","83,914","2,37,388","2,21,151"
189,Chandannagar,Hooghly,"Rule 7: Muslim <30%, BJP gaining+TMC losing 2021?24 (divergence >10k)",BJP Contested,"6,464","31,029",-31594,4323,"17,009","-7,556","24,565",13.44168138,0,0,0.035768831,83.0%,15.0%,1.0%,1.0%,"2,23,156","1,71,876","71,196","68,321","2,29,572","1,82,178","86,778","55,749","2,35,045","1,80,716","79,222","72,758","2,03,451","1,85,039"
206,Moyna,Purbo Medinipur,"Rule 2: Muslim <30%, BJP led in both 2024 & 2021",BJP Win,"-9,948","-1,260",-3120,18143,"3,792","-4,896","8,688",1.163783939,0,0,-0.044152109,81.0%,17.0%,1.0%,1.0%,"2,45,071","2,08,713","1,00,880","88,497","2,55,164","2,24,434","1,06,849","1,08,109","2,68,091","2,25,312","1,01,953","1,11,901","2,64,971","2,43,455"
191,Balagarh,Hooghly,"Rule 2: Muslim <30%, BJP led in 2024",BJP Win,"-5,947","5,784",-22976,5222,"6,832","-4,899","11,731",8.73399629,0,0,-0.02709932,82.0%,16.0%,1.0%,1.0%,"2,49,662","2,11,072","76,121","1,10,175","2,58,955","2,19,957","1,00,364","94,580","2,63,064","2,19,452","95,465","1,01,412","2,40,088","2,24,674"
192,Pandua,Hooghly,"Rule 5: Muslim <20%, voter roll drop > TMC 2024 margin",BJP Possible,"25,786","31,858",-27041,8084,"9,391","3,319","6,072",9.793134919,0,0,0.114893977,80.0%,18.0%,1.0%,1.0%,"2,59,914","2,15,300","89,181","89,883","2,70,503","2,23,664","1,02,874","71,016","2,76,122","2,24,433","1,06,193","80,407","2,49,081","2,32,517"
193,Saptagram,Hooghly,"Rule 2: Muslim <30%, BJP led in 2024",BJP Win,"-2,492","9,772",-27776,3779,"4,204","-8,060","12,264",11.66343336,0,0,-0.013006806,82.0%,16.0%,1.0%,1.0%,"2,25,496","1,84,826","72,807","94,392","2,34,840","1,92,190","93,328","83,556","2,38,146","1,91,592","85,268","87,760","2,10,370","1,95,371"
194,Chanditala,Hooghly,"Default: TMC positive margin, no BJP trigger met",TMC Win,"35,350","41,347",-25943,21237,"1,880","-4,117","5,997",9.520856117,0,0,0.172073892,84.0%,14.0%,1.0%,1.0%,"2,52,703","1,94,676","88,101","70,885","2,63,257","2,07,106","1,03,118","61,771","2,72,486","2,05,435","99,001","63,651","2,46,543","2,26,672"
195,Jangipara,Hooghly,"Default: TMC positive margin, no BJP trigger met",TMC Win,"28,020","17,926",-14548,22999,"-8,893","1,201","-10,094",5.477059074,0,0,0.134819135,83.0%,15.0%,1.0%,1.0%,"2,46,868","1,98,619","93,958","82,026","2,57,025","2,10,411","1,01,885","83,959","2,65,617","2,07,834","1,03,086","75,066","2,51,069","2,30,833"
196,Haripal,Hooghly,"Default: TMC positive margin, no BJP trigger met",TMC Win,"32,459","23,072",-10309,22522,"-4,231","5,156","-9,387",3.755774471,1,0,0.14647431,82.0%,16.0%,1.0%,1.0%,"2,60,044","2,11,046","95,295","85,731","2,69,649","2,20,774","1,10,215","87,143","2,74,484","2,21,602","1,15,371","82,912","2,64,175","2,44,124"
197,Dhanekhali,Hooghly,"Default: TMC positive margin, no BJP trigger met",TMC Win,"41,880","30,159",-15103,13462,"-9,761","1,960","-11,721",5.436801636,1,0,0.180317493,85.0%,13.0%,1.0%,1.0%,"2,62,857","2,24,776","1,09,842","97,480","2,71,518","2,33,838","1,24,776","94,617","2,77,792","2,32,257","1,26,736","84,856","2,62,689","2,45,719"
198,Tarakeswar,Hooghly,"Rule 3: Muslim <30%, voter increase > TMC 2024 margin",BJP Possible,"11,168","7,484",-9027,13238,"-2,697",987,"-3,684",3.692507813,0,0,0.054162847,80.0%,18.0%,1.0%,1.0%,"2,32,456","1,97,194","88,096","83,753","2,39,820","2,05,917","96,698","89,214","2,44,468","2,06,193","97,685","86,517","2,35,441","2,19,431"
202,Khanakul,Hooghly,"Rule 2: Muslim <30%, BJP led in both 2024 & 2021",BJP Win,"-17,122","-12,884",-18489,20591,-238,"-4,476","4,238",6.440836204,0,0,-0.079528459,82.0%,16.0%,1.0%,1.0%,"2,66,130","2,02,404","96,405","82,183","2,77,259","2,17,991","94,519","1,07,403","2,87,059","2,15,294","90,043","1,07,165","2,68,570","2,35,885"
200,Arambag,Hooghly,"Rule 2: Muslim <30%, BJP led in 2021",BJP Win,546,"-7,172",-12338,16800,"-4,807","2,911","-7,718",4.645366305,0,0,0.002509872,83.0%,15.0%,1.0%,1.0%,"2,46,937","2,06,340","93,883","89,876","2,57,621","2,19,960","95,936","1,03,108","2,65,598","2,17,541","98,847","98,301","2,53,260","2,34,341"
204,Panskura Purba,Purbo Medinipur,"Rule 2: Muslim <30%, BJP led in 2024",BJP Win,"-2,721","9,660",-6338,19574,"9,696","-2,685","12,381",2.588449585,0,0,-0.013609423,82.0%,16.0%,1.0%,1.0%,"2,27,382","1,80,812","79,437","72,057","2,36,306","1,98,400","91,213","81,553","2,44,857","1,99,935","88,528","91,249","2,38,519","2,19,509"
201,Goghat,Hooghly,"Rule 2: Muslim <30%, BJP led in both 2024 & 2021",BJP Win,"-5,886","-4,147",-6612,12847,523,"-1,216","1,739",2.596117603,0,0,-0.026769999,83.0%,15.0%,1.0%,1.0%,"2,38,958","2,07,676","87,217","95,284","2,46,570","2,19,545","98,080","1,02,227","2,54,688","2,19,873","96,864","1,02,750","2,48,076","2,32,720"
203,Tamluk,Purbo Medinipur,"Rule 2: Muslim <30%, BJP led in 2024",BJP Win,"-20,461",793,-3997,15548,"10,948","-10,306","21,254",1.435162744,0,0,-0.085708062,83.0%,15.0%,1.0%,1.0%,"2,55,631","2,18,604","93,680","87,132","2,66,881","2,36,031","1,08,243","1,07,450","2,78,505","2,38,729","97,937","1,18,398","2,74,508","2,54,277"
199,Pursurah,Hooghly,"Rule 2: Muslim <30%, BJP led in both 2024 & 2021",BJP Win,"-22,892","-28,178",-9003,15629,"-4,698",588,"-5,286",3.351911628,0,1,-0.102458521,84.0%,14.0%,1.0%,1.0%,"2,51,928","2,11,569","81,917","1,07,759","2,59,988","2,23,074","91,156","1,19,334","2,68,593","2,23,427","91,744","1,14,636","2,59,590","2,39,056"
253,Barjora,Bankura,"Rule 2: Muslim <30%, BJP led in 2024",BJP Win,"-14,038","3,269",-10058,14445,"11,546","-5,761","17,307",3.84685994,0,0,-0.06414996,85.0%,13.0%,1.0%,1.0%,"2,43,338","2,07,783","80,116","91,736","2,50,729","2,19,452","93,290","90,021","2,61,460","2,18,831","87,529","1,01,567","2,51,402","2,33,276"
14,Madarihat,Alipurduar,"Rule 2: Muslim <30%, BJP led in both 2024 & 2021",BJP Win,"-11,063","-29,685",-26508,13294,"-10,797","7,825","-18,622",12.02362269,0,0,-0.068108501,78.0%,12.0%,5.0%,5.0%,"2,03,374","1,58,752","49,650","93,488","2,12,651","1,66,920","61,033","90,718","2,20,466","1,62,432","68,858","79,921","1,93,958","1,75,726"
15,Dhupguri,Jalpaiguri,"Rule 2: Muslim <30%, BJP led in both 2024 & 2021",BJP Win,"-6,329","-4,355",-11395,22790,"1,963",-11,"1,974",4.22785524,0,0,-0.02827984,78.0%,12.0%,5.0%,5.0%,"2,51,681","2,17,976","87,963","1,05,729","2,63,118","2,29,323","1,00,333","1,04,688","2,69,522","2,23,799","1,00,322","1,06,651","2,58,127","2,46,589"
17,Jalpaiguri,Jalpaiguri,"Rule 2: Muslim <30%, BJP led in 2024",BJP Win,"-25,534",941,-18400,11692,"15,281","-11,194","26,475",6.845721982,0,0,-0.114868482,78.0%,12.0%,5.0%,5.0%,"2,55,369","2,17,222","72,962","1,12,147","2,62,500","2,25,933","95,668","94,727","2,68,781","2,22,289","84,474","1,10,008","2,50,381","2,33,981"
24,Kurseong,Darjeeling,"Rule 2: Muslim <30%, BJP led in both 2024 & 2021",BJP Win,"-38,507","-73,475",-25347,15189,"20,506","55,474","-34,968",10.49569563,0,1,-0.23405665,78.0%,12.0%,5.0%,5.0%,"2,29,920","1,69,702","34,796","1,22,393","2,36,477","1,75,545",0,"73,475","2,41,499","1,64,520","55,474","93,981","2,16,152","1,79,709"
25,Matigara-naxalbari,Darjeeling,"Rule 2: Muslim <30%, BJP led in both 2024 & 2021",BJP Win,"-83,955","-70,848",-39638,-374,"14,355","1,248","13,107",12.86455189,0,1,-0.336860224,75.0%,12.0%,8.0%,5.0%,"2,67,441","2,25,479","45,277","1,44,175","2,87,565","2,40,591","68,937","1,39,785","3,08,118","2,49,228","70,185","1,54,140","2,68,480","2,48,854"
240,Baghmundi,Purulia,"Rule 2: Muslim <30%, BJP led in 2024",BJP Win,"-11,240","75,905",-16080,17281,"83,393","-3,752","87,145",6.028410007,0,0,-0.053272162,86.0%,12.0%,1.0%,1.0%,"2,37,261","1,97,367","47,604","1,00,312","2,49,613","2,06,303","75,905",0,"2,66,737","2,10,992","72,153","83,393","2,50,657","2,28,273"
212,Patashpur,Purbo Medinipur,"Rule 3: Muslim <30%, voter increase > TMC 2024 margin",BJP Possible,"8,608","9,994",-1340,17726,"2,910","1,524","1,386",0.53950245,1,0,0.040609712,70.0%,28.0%,1.0%,1.0%,"2,27,964","1,97,122","99,048","84,693","2,36,413","2,08,827","1,05,299","95,305","2,48,377","2,11,969","1,06,823","98,215","2,47,037","2,29,695"
252,Bankura,Bankura,"Rule 2: Muslim <30%, BJP led in both 2024 & 2021",BJP Win,"-16,312","-1,468",-18106,18742,"8,144","-6,700","14,844",6.489791822,0,0,-0.075208631,86.0%,12.0%,1.0%,1.0%,"2,57,362","2,04,713","65,304","1,12,080","2,69,829","2,17,986","93,998","95,466","2,78,992","2,16,890","87,298","1,03,610","2,60,886","2,35,632"
254,Onda,Bankura,"Rule 2: Muslim <30%, BJP led in both 2024 & 2021",BJP Win,"-5,940","-11,551",-8147,18924,-46,"5,565","-5,611",3.011217682,0,0,-0.026368007,86.0%,12.0%,1.0%,1.0%,"2,44,131","2,10,147","80,415","1,06,788","2,56,906","2,25,759","93,389","1,04,940","2,70,555","2,25,273","98,954","1,04,894","2,62,408","2,44,197"
16,Maynaguri,Jalpaiguri,"Rule 2: Muslim <30%, BJP led in both 2024 & 2021",BJP Win,"-4,745","-11,911",-14080,13889,"-2,543","4,623","-7,166",5.164603393,0,0,-0.020161633,79.0%,11.0%,5.0%,5.0%,"2,51,373","2,23,510","96,072","1,10,819","2,64,265","2,36,093","1,03,395","1,15,306","2,72,625","2,35,348","1,08,018","1,12,763","2,58,545","2,49,237"
242,Purulia,Purulia,"Rule 2: Muslim <30%, BJP led in both 2024 & 2021",BJP Win,"-22,379","-7,018",-19776,20004,"2,933","-12,428","15,361",7.281510501,0,0,-0.107336422,87.0%,11.0%,1.0%,1.0%,"2,43,871","1,96,318","66,252","1,02,749","2,58,947","2,06,868","82,715","89,733","2,71,592","2,08,494","70,287","92,666","2,51,816","2,28,498"
245,Para,Purulia,"Rule 2: Muslim <30%, BJP led in both 2024 & 2021",BJP Win,"-8,250","-4,007",-19813,21674,"-3,250","-7,493","4,243",7.741479215,0,0,-0.042697664,87.0%,11.0%,1.0%,1.0%,"2,31,580","1,85,873","58,814","1,00,056","2,43,906","1,94,021","83,340","87,347","2,55,933","1,93,219","75,847","84,097","2,36,120","2,14,893"
255,Bishnupur,Bankura,"Rule 2: Muslim <30%, BJP led in both 2024 & 2021",BJP Win,"-15,042","-11,420",-9020,11837,"5,036","1,414","3,622",3.933642675,0,0,-0.077546475,87.0%,11.0%,1.0%,1.0%,"2,08,397","1,80,899","66,988","89,806","2,19,284","1,91,469","78,269","89,689","2,29,304","1,93,974","79,683","94,725","2,20,284","2,05,811"
219,Dantan,Paschim Medinipur,"Rule 10A: Muslim 30-40%, contested zone, Voter drop > TMC 24 margin and high vote increase",BJP Contested,"6,334",623,-6998,21289,"-4,646","1,065","-5,711",2.877869439,0,0,0.032361567,62.0%,36.0%,1.0%,1.0%,"2,24,882","1,90,020","85,724","92,413","2,33,841","1,97,798","95,209","94,586","2,43,166","1,95,726","96,274","89,940","2,36,168","2,17,015"
220,Nayagram,Jhargram,"Rule 10: Muslim 30-40%, contested zone, TMC holds lead",TMC Contested,"24,265","22,754",-10429,18489,"-5,626","-4,115","-1,511",4.394432904,1,0,0.129627651,64.0%,34.0%,1.0%,1.0%,"2,18,673","1,83,105","80,978","84,316","2,26,791","1,92,354","1,00,903","78,149","2,37,323","1,87,190","96,788","72,523","2,26,894","2,05,679"
221,Gopiballavpur,Jhargram,"Rule 10: Muslim 30-40%, contested zone, TMC holds lead",TMC Contested,"22,369","23,768",-7940,12568,"-1,461","-2,860","1,399",3.368217432,1,0,0.112558055,68.0%,30.0%,1.0%,1.0%,"2,19,464","1,87,894","82,205","89,034","2,26,417","1,99,070","1,04,115","80,347","2,35,733","1,98,733","1,01,255","78,886","2,27,793","2,11,301"
222,Jhargram,Jhargram,"Rule 10: Muslim 30-40%, contested zone, TMC holds lead",TMC Contested,"14,101","38,240",-11256,14394,"11,254","-12,885","24,139",4.5681262,0,0,0.069318612,68.0%,30.0%,1.0%,1.0%,"2,26,039","1,88,364","82,169","83,812","2,36,035","2,01,797","1,09,493","71,253","2,46,403","2,03,423","96,608","82,507","2,35,147","2,17,817"
223,Keshiary,Paschim Medinipur,"Rule 3: Muslim <30%, voter increase > TMC 2024 margin",BJP Possible,"7,782","15,330",-9936,10657,"4,023","-3,525","7,548",3.99509459,0,0,0.036733191,73.0%,25.0%,1.0%,1.0%,"2,31,170","2,04,919","89,158","1,00,032","2,38,835","2,12,681","1,06,366","91,036","2,48,705","2,11,852","1,02,841","95,059","2,38,769","2,22,509"
256,Katulpur,Bankura,"Rule 2: Muslim <30%, BJP led in both 2024 & 2021",BJP Win,"-6,331","-11,785",-1754,12817,"-1,087","4,367","-5,454",0.686628747,0,0,-0.028137903,87.0%,11.0%,1.0%,1.0%,"2,37,060","2,11,585","88,808","97,907","2,46,785","2,24,123","94,237","1,06,022","2,55,451","2,24,999","98,604","1,04,935","2,53,697","2,37,816"
225,Narayangarh,Paschim Medinipur,"Rule 8: Muslim <30%, TMC vote share lead <5 pct pts over BJP",BJP Possible,"10,614","2,416",-13706,5380,"-2,655","5,543","-8,198",5.422320687,0,0,0.048549329,76.0%,22.0%,1.0%,1.0%,"2,34,754","2,07,217","88,574","97,324","2,43,832","2,17,750","1,00,894","98,478","2,52,770","2,18,623","1,06,437","95,823","2,39,064","2,24,003"
226,Sabang,Paschim Medinipur,"Default: TMC positive margin, no BJP trigger met",TMC Win,"32,683","9,864",-2490,17729,"-6,893","15,926","-22,819",0.899329295,1,0,0.137802364,77.0%,21.0%,1.0%,1.0%,"2,55,603","2,18,850","94,798","88,628","2,64,783","2,36,201","1,12,098","1,02,234","2,76,873","2,37,173","1,28,024","95,341","2,74,383","2,54,902"
227,Pingla,Paschim Medinipur,"Default: TMC positive margin, no BJP trigger met",TMC Win,"19,913","6,656",-9351,11046,"-7,065","6,192","-13,257",3.525446477,1,0,0.086509429,75.0%,23.0%,1.0%,1.0%,"2,45,184","2,16,049","99,760","98,062","2,55,054","2,28,669","1,12,435","1,05,779","2,65,243","2,30,183","1,18,627","98,714","2,55,892","2,41,229"
228,Kharagpur,Paschim Medinipur,"Default: TMC positive margin, no BJP trigger met",TMC Win,"32,238","36,230",-20734,2818,"3,176",-816,"3,992",8.679817144,1,0,0.157673101,80.0%,18.0%,1.0%,1.0%,"2,15,957","1,89,189","89,677","80,210","2,27,081","2,00,044","1,09,727","73,497","2,38,876","2,04,461","1,08,911","76,673","2,18,142","2,07,279"
229,Debra,Paschim Medinipur,"Rule 3: Muslim <30%, voter increase > TMC 2024 margin",BJP Possible,"5,766","11,226",-7947,11968,"4,169","-1,291","5,460",3.313389898,0,0,0.02830022,81.0%,17.0%,1.0%,1.0%,"2,26,402","1,94,573","80,599","84,618","2,34,184","2,04,866","95,850","84,624","2,39,845","2,03,744","94,559","88,793","2,31,898","2,15,712"
230,Daspur,Paschim Medinipur,"Rule 7: Muslim <30%, BJP gaining+TMC losing 2021?24 (divergence >10k)",BJP Contested,"16,511","26,842",-12221,22050,"9,268","-1,063","10,331",3.964433314,0,0,0.072288576,73.0%,25.0%,1.0%,1.0%,"2,89,255","2,12,190","99,246","89,306","2,98,096","2,22,464","1,14,753","87,911","3,08,266","2,28,404","1,13,690","97,179","2,96,045","2,50,454"
231,Ghatal,Paschim Medinipur,"Rule 2: Muslim <30%, BJP led in 2021",BJP Win,"4,405",-966,-11989,12344,-928,"4,443","-5,371",4.154797302,0,0,0.01933001,72.0%,26.0%,1.0%,1.0%,"2,70,452","2,16,655","1,03,331","97,465","2,79,908","2,25,375","1,04,846","1,05,812","2,88,558","2,27,884","1,09,289","1,04,884","2,76,569","2,40,228"
232,Chandrakona,Paschim Medinipur,Rule 1: Muslim >40%,TMC Win,"8,035","11,281",-7291,13049,"1,278","-1,968","3,246",2.513175991,0,0,0.032092503,25.0%,73.0%,1.0%,1.0%,"2,68,273","2,34,203","1,06,800","1,03,169","2,79,867","2,49,315","1,21,846","1,10,565","2,90,111","2,50,370","1,19,878","1,11,843","2,82,820","2,63,419"
233,Garbeta,Paschim Medinipur,Rule 1: Muslim >40%,TMC Win,"23,197","10,572",-10526,9983,-790,"11,835","-12,625",4.324444244,1,0,0.110085517,50.0%,48.0%,1.0%,1.0%,"2,22,893","1,97,067","84,517","91,328","2,32,046","2,07,681","94,928","84,356","2,43,407","2,10,718","1,06,763","83,566","2,32,881","2,20,701"
234,Salboni,Paschim Medinipur,Rule 1: Muslim >40%,TMC Win,"38,261","32,644",-10201,12858,589,"6,206","-5,617",3.523600629,1,0,0.15196022,55.0%,43.0%,1.0%,1.0%,"2,65,395","2,37,461","1,12,431","1,03,706","2,76,940","2,49,195","1,26,020","93,376","2,89,505","2,51,783","1,32,226","93,965","2,79,304","2,64,641"
235,Keshpur,Paschim Medinipur,"Default: TMC positive margin, no BJP trigger met",TMC Win,"1,03,358","20,720",-8938,18661,"-37,500","45,138","-82,638",3.227041001,1,0,0.441167306,77.0%,21.0%,1.0%,1.0%,"2,50,609","2,13,552","1,44,990","52,916","2,61,529","2,30,232","1,16,992","96,272","2,76,972","2,34,283","1,62,130","58,772","2,68,034","2,52,944"
236,Medinipur,Paschim Medinipur,"Rule 7: Muslim <30%, BJP gaining+TMC losing 2021?24 (divergence >10k)",BJP Contested,"2,170","24,397",-31167,3636,"10,978","-11,249","22,227",10.69333224,0,0,0.009144813,72.0%,26.0%,1.0%,1.0%,"2,66,723","2,25,457","93,731","1,10,372","2,80,060","2,38,898","1,21,175","96,778","2,91,462","2,37,293","1,09,926","1,07,756","2,60,295","2,40,929"
237,Binpur,Jhargram,"Rule 7: Muslim <30%, BJP gaining+TMC losing 2021?24 (divergence >10k)",BJP Contested,"23,942","39,494",-11036,15753,"9,593","-5,959","15,552",4.753597719,0,0,0.126052323,73.0%,25.0%,1.0%,1.0%,"2,16,607","1,79,450","76,197","73,138","2,24,036","1,88,798","1,00,277","60,783","2,32,161","1,89,937","94,318","70,376","2,21,125","2,05,690"
238,Bandwan,Purulia,"Default: TMC positive margin, no BJP trigger met",TMC Win,"27,444","18,831",-11937,22072,"-9,776","-1,163","-8,613",4.007008993,0,0,0.113396524,74.0%,25.0%,0.5%,0.5%,"2,72,796","2,27,965","95,069","98,039","2,84,840","2,41,055","1,13,337","94,506","2,97,903","2,42,018","1,12,174","84,730","2,85,966","2,64,090"
239,Balarampur,Purulia,"Rule 2: Muslim <30%, BJP led in 2021",BJP Win,"1,150",-423,-15604,17059,"-5,903","-4,330","-1,573",6.216931217,0,0,0.005716587,85.0%,13.0%,1.0%,1.0%,"2,24,419","1,87,498","64,950","1,00,419","2,38,113","1,97,965","89,098","89,521","2,50,992","2,01,169","84,768","83,618","2,35,388","2,18,228"
277,Durgapur Paschim,Paschim Bardhaman,"Rule 2: Muslim <30%, BJP led in both 2024 & 2021",BJP Win,"-11,682","-14,664",-38255,7913,"5,926","8,908","-2,982",13.81271326,0,0,-0.05628225,87.0%,11.0%,1.0%,1.0%,"2,56,653","2,01,052","59,642","1,09,153","2,69,303","1,96,902","76,522","91,186","2,76,955","2,07,561","85,430","97,112","2,38,700","2,15,474"
241,Joypur,Purulia,"Rule 2: Muslim <30%, BJP led in 2021",BJP Win,"6,561","-74,380",-13480,20166,"-2,158","78,783","-80,941",5.04292849,0,0,0.03101761,86.0%,12.0%,1.0%,1.0%,"2,36,634","1,94,752","56,343","88,087","2,49,621","2,02,767",0,"74,380","2,67,305","2,11,525","78,783","72,222","2,53,825","2,31,691"
9,Tufanganj,Coochbehar,"Rule 2: Muslim <30%, BJP led in both 2024 & 2021",BJP Win,"-6,495","-31,198",-8029,15189,"-10,201","14,502","-24,703",3.267859469,0,0,-0.030425821,79.0%,10.0%,6.0%,5.0%,"2,25,957","2,01,377","91,290","98,776","2,34,311","2,09,378","83,305","1,14,503","2,45,696","2,13,470","97,807","1,04,302","2,37,667","2,28,659"
243,Manbazar,Purulia,"Rule 3: Muslim <30%, voter increase > TMC 2024 margin",BJP Possible,"15,371","15,516",-10358,22927,"-7,500","-7,645",145,3.896651092,0,0,0.072708438,85.0%,13.0%,1.0%,1.0%,"2,44,314","2,03,256","93,897","83,314","2,53,708","2,13,729","1,03,298","87,782","2,65,818","2,11,406","95,653","80,282","2,55,460","2,34,333"
244,Kashipur,Purulia,"Rule 2: Muslim <30%, BJP led in 2021",BJP Win,"1,866","-7,387",-17696,18065,"-12,970","-3,717","-9,253",7.157186307,0,0,0.009729341,86.0%,12.0%,1.0%,1.0%,"2,27,805","1,87,178","74,925","91,079","2,38,871","1,94,892","85,551","92,938","2,47,248","1,91,791","81,834","79,968","2,29,552","2,09,856"
258,Sonamukhi,Bankura,"Rule 2: Muslim <30%, BJP led in both 2024 & 2021",BJP Win,"-11,614","-10,888",-5881,11756,"2,544","1,818",726,2.433675011,0,0,-0.055778347,85.0%,10.0%,3.0%,2.0%,"2,24,381","1,96,517","75,148","98,983","2,33,059","2,07,739","87,273","98,161","2,41,651","2,08,217","89,091","1,00,705","2,35,770","2,19,973"
246,Raghunathpur,Purulia,"Rule 2: Muslim <30%, BJP led in 2021",BJP Win,455,"-5,438",-19023,22256,"-4,445","1,448","-5,893",6.966957948,0,0,0.002153928,88.0%,10.0%,1.0%,1.0%,"2,48,226","2,03,215","67,199","1,09,832","2,59,434","2,14,690","90,332","95,770","2,73,046","2,11,242","91,780","91,325","2,54,023","2,33,498"
247,Saltora,Bankura,"Rule 2: Muslim <30%, BJP led in 2021",BJP Win,"11,100","-4,145",-9749,14281,"-10,091","5,154","-15,245",4.01318931,0,0,0.054789111,88.0%,10.0%,1.0%,1.0%,"2,24,497","1,92,282","74,017","89,073","2,32,517","2,02,413","87,503","91,648","2,42,924","2,02,595","92,657","81,557","2,33,175","2,16,876"
248,Chhatna,Bankura,"Rule 2: Muslim <30%, BJP led in 2021",BJP Win,"5,657","-7,164",-10965,22540,"-5,978","6,843","-12,821",4.332005879,0,0,0.028737763,87.0%,11.0%,1.0%,1.0%,"2,32,894","1,86,929","64,479","95,661","2,42,270","1,96,836","83,069","90,233","2,53,116","1,96,849","89,912","84,255","2,42,151","2,19,389"
249,Ranibandh,Bankura,"Rule 3: Muslim <30%, voter increase > TMC 2024 margin",BJP Possible,"5,752","3,939",-9146,19285,"-2,442",-629,"-1,813",3.468124801,0,0,0.026827107,88.0%,10.0%,1.0%,1.0%,"2,44,861","2,03,852","78,142","93,956","2,53,359","2,11,170","90,928","86,989","2,63,716","2,14,410","90,299","84,547","2,54,570","2,33,695"
250,Raipur,Bankura,"Default: TMC positive margin, no BJP trigger met",TMC Win,"17,494","19,398",-6904,13264,"-4,410","-6,314","1,904",2.988434102,0,0,0.089966572,87.0%,11.0%,1.0%,1.0%,"2,16,034","1,85,822","80,423","83,774","2,24,604","1,94,476","1,01,043","81,645","2,31,024","1,94,450","94,729","77,235","2,24,120","2,07,714"
251,Taldangra,Bankura,"Rule 3: Muslim <30%, voter increase > TMC 2024 margin",BJP Possible,"8,483","12,377",-6635,15507,"2,658","-1,236","3,894",2.738114889,0,0,0.042126434,86.0%,12.0%,1.0%,1.0%,"2,25,032","1,90,672","70,558","87,826","2,33,291","2,03,186","92,026","79,649","2,42,320","2,01,370","90,790","82,307","2,35,685","2,16,877"
280,Asansol Dakshin,Paschim Bardhaman,"Rule 2: Muslim <30%, BJP led in both 2024 & 2021",BJP Win,"-12,157","-4,487",-45822,9492,"8,858","1,188","7,670",16.0862483,0,0,-0.059305332,88.0%,10.0%,1.0%,1.0%,"2,58,438","1,95,073","57,201","1,11,021","2,74,245","1,94,737","83,394","87,881","2,84,852","2,04,990","84,582","96,739","2,39,030","2,14,482"
282,Kulti,Paschim Bardhaman,"Rule 2: Muslim <30%, BJP led in both 2024 & 2021",BJP Win,"-15,053",-679,-46698,2675,"12,996","-1,378","14,374",18.15269911,0,1,-0.080691936,88.0%,10.0%,1.0%,1.0%,"2,38,421","1,78,078","55,825","1,05,176","2,51,671","1,74,767","80,433","81,112","2,57,251","1,86,549","79,055","94,108","2,10,553","1,89,224"
10,Kumargram,Alipurduar,"Rule 2: Muslim <30%, BJP led in both 2024 & 2021",BJP Win,"-7,641","-11,001",-22847,15050,"-1,580","1,780","-3,360",8.091930737,0,0,-0.033298035,80.0%,9.0%,6.0%,5.0%,"2,62,525","2,22,681","87,210","1,16,023","2,72,924","2,32,489","1,00,973","1,11,974","2,82,343","2,29,473","1,02,753","1,10,394","2,59,496","2,44,523"
11,Kalchini,Alipurduar,"Rule 2: Muslim <30%, BJP led in both 2024 & 2021",BJP Win,"-14,865","-28,576",-33274,11264,"-6,713","6,998","-13,711",13.06240701,0,1,-0.07824755,72.0%,8.0%,10.0%,10.0%,"2,35,753","1,90,453","64,045","1,11,477","2,47,425","1,95,815","74,528","1,03,104","2,54,731","1,89,974","81,526","96,391","2,21,457","2,01,238"
12,Alipurduars,Alipurduar,"Rule 2: Muslim <30%, BJP led in both 2024 & 2021",BJP Win,"-28,564","-16,007",-24339,12898,"7,488","-5,069","12,557",9.059068746,0,1,-0.131739399,70.0%,8.0%,12.0%,10.0%,"2,49,960","2,11,016","77,859","1,14,879","2,60,652","2,22,732","91,326","1,07,333","2,68,670","2,16,822","86,257","1,14,821","2,44,331","2,29,720"
257,Indus,Bankura,"Rule 2: Muslim <30%, BJP led in 2021",BJP Win,"9,147","-7,220",-4617,10928,"-8,027","8,340","-16,367",1.847657313,0,0,0.041643903,86.0%,12.0%,1.0%,1.0%,"2,34,969","2,06,128","84,591","98,184","2,42,938","2,18,453","97,716","1,04,936","2,49,884","2,19,648","1,06,056","96,909","2,45,267","2,30,576"
19,Dabgram-fulbari,Jalpaiguri,"Rule 2: Muslim <30%, BJP led in both 2024 & 2021",BJP Win,"-72,245","-27,593",-56821,-8583,"26,935","-17,717","44,652",17.69016908,0,1,-0.2792196,70.0%,8.0%,12.0%,10.0%,"2,83,995","2,39,654","64,449","1,50,566","3,10,354","2,58,969","1,01,495","1,29,088","3,21,201","2,58,739","83,778","1,56,023","2,64,380","2,50,156"
259,Khandaghosh,Purba Bardhaman,"Default: TMC positive margin, no BJP trigger met",TMC Win,"37,646","20,886",-16497,5752,"-9,793","6,967","-16,760",6.594157713,1,0,0.174279775,75.0%,8.0%,7.0%,10.0%,"2,34,923","2,04,812","1,02,494","71,500","2,42,730","2,17,897","1,04,264","83,378","2,50,176","2,16,009","1,11,231","73,585","2,33,679","2,21,761"
260,Bardhaman Dakshin,Purba Bardhaman,"Rule 4: Muslim <30%, voter roll drop ? 2x TMC 2024 margin",BJP Possible,"7,288","8,105",-36136,-202,"2,494","1,677",817,14.00093763,0,0,0.036113355,76.0%,8.0%,6.0%,10.0%,"2,48,732","1,98,039","85,301","83,963","2,57,940","2,05,345","91,015","82,910","2,58,097","2,01,809","92,692","85,404","2,21,961","2,01,607"
261,Raina,Purba Bardhaman,"Default: TMC positive margin, no BJP trigger met",TMC Win,"43,565","18,205",-18846,7145,"-19,250","6,110","-25,360",7.114221648,1,0,0.194184927,80.0%,12.0%,4.0%,4.0%,"2,48,320","2,14,276","1,13,180","58,331","2,58,742","2,29,166","1,08,752","90,547","2,64,906","2,24,348","1,14,862","71,297","2,46,060","2,31,493"
262,Jamalpur,Purba Bardhaman,"Default: TMC positive margin, no BJP trigger met",TMC Win,"36,368","17,971",-16419,7293,"-10,090","8,307","-18,397",6.787880291,1,0,0.176331407,83.0%,12.0%,3.0%,2.0%,"2,29,318","1,95,440","81,941","78,257","2,35,973","2,06,690","96,999","79,028","2,41,887","2,06,248","1,05,306","68,938","2,25,468","2,13,541"
263,Monteswar,Purba Bardhaman,"Default: TMC positive margin, no BJP trigger met",TMC Win,"45,742","31,805",-32300,-4410,"-5,959","7,978","-13,937",12.96855427,1,0,0.220747633,88.0%,10.0%,1.0%,1.0%,"2,33,628","1,96,622","95,202","67,166","2,42,229","2,09,036","1,05,460","73,655","2,49,064","2,07,214","1,13,438","67,696","2,16,764","2,02,804"
264,Kalna,Purba Bardhaman,"Rule 4: Muslim <30%, voter roll drop ? 2x TMC 2024 margin",BJP Possible,"10,159","7,478",-21045,6394,"-4,386","-1,705","-2,681",8.505951539,0,0,0.049514795,87.0%,11.0%,1.0%,1.0%,"2,34,826","1,99,822","86,357","82,724","2,41,471","2,08,951","96,073","88,595","2,47,415","2,05,171","94,368","84,209","2,26,370","2,11,565"
265,Memari,Purba Bardhaman,"Default: TMC positive margin, no BJP trigger met",TMC Win,"32,831","23,078",-17774,11673,"-8,298","1,455","-9,753",6.905876639,0,0,0.153102528,87.0%,11.0%,1.0%,1.0%,"2,45,694","2,08,150","86,282","81,383","2,54,236","2,18,802","1,04,851","81,773","2,57,375","2,14,438","1,06,306","73,475","2,39,601","2,26,111"
266,Bardhaman Uttar,Purba Bardhaman,"Default: TMC positive margin, no BJP trigger met",TMC Win,"41,245","17,268",-25045,4952,"-11,820","12,157","-23,977",8.775249207,1,0,0.171226337,86.0%,12.0%,1.0%,1.0%,"2,62,127","2,26,632","1,08,663","80,617","2,77,026","2,41,925","1,11,211","93,943","2,85,405","2,40,880","1,23,368","82,123","2,60,360","2,45,832"
267,Bhatar,Purba Bardhaman,"Default: TMC positive margin, no BJP trigger met",TMC Win,"32,420","31,741",-28851,-692,794,"1,473",-679,11.29228589,1,0,0.151361648,87.0%,11.0%,1.0%,1.0%,"2,38,188","2,03,819","99,383","72,919","2,46,694","2,14,168","1,08,028","76,287","2,55,493","2,14,189","1,09,501","77,081","2,26,642","2,13,497"
268,Purbasthali Dakshin,Purba Bardhaman,"Rule 5: Muslim <20%, voter roll drop > TMC 2024 margin",BJP Possible,"21,362","17,410",-21406,8857,"-6,994","-3,042","-3,952",8.428123142,0,0,0.101803798,87.0%,11.0%,1.0%,1.0%,"2,40,479","2,05,104","1,00,240","78,332","2,48,533","2,15,353","1,05,698","88,288","2,53,983","2,09,835","1,02,656","81,294","2,32,577","2,18,692"
269,Purbasthali Uttar,Purba Bardhaman,"Rule 6: Muslim <30%, BJP 2021?24 gain exceeds TMC 2024 margin",BJP Contested,"3,238","6,706",-22496,12574,"3,659",191,"3,468",8.587046142,0,0,0.015375338,72.0%,8.0%,8.0%,12.0%,"2,42,374","2,02,853","85,174","82,469","2,52,626","2,12,343","92,421","85,715","2,61,976","2,10,597","92,612","89,374","2,39,480","2,23,171"
270,Katwa,Purba Bardhaman,"Rule 3: Muslim <30%, voter increase > TMC 2024 margin",BJP Possible,"12,415","9,155",-18887,15457,"-9,383","-6,123","-3,260",6.850611901,0,0,0.055971074,72.0%,8.0%,8.0%,12.0%,"2,57,078","2,12,219","87,316","89,175","2,67,738","2,24,459","1,07,894","98,739","2,75,698","2,21,811","1,01,771","89,356","2,56,811","2,37,268"
271,Ketugram,Purba Bardhaman,"Default: TMC positive margin, no BJP trigger met",TMC Win,"46,012","12,683",-35818,3412,"-14,124","19,205","-33,329",13.27315242,1,0,0.214463166,86.0%,12.0%,1.0%,1.0%,"2,48,158","2,04,992","1,02,679","75,165","2,58,310","2,15,317","1,00,226","87,543","2,69,853","2,14,545","1,19,431","73,419","2,34,035","2,17,957"
272,Mangalkot,Purba Bardhaman,"Default: TMC positive margin, no BJP trigger met",TMC Win,"46,507","22,337",-27863,4663,"-14,448","9,722","-24,170",10.72284845,1,0,0.218145061,72.0%,8.0%,8.0%,12.0%,"2,41,891","2,05,982","1,05,397","76,170","2,51,003","2,17,329","1,07,596","85,259","2,59,847","2,13,193","1,17,318","70,811","2,31,984","2,17,856"
273,Ausgram,Purba Bardhaman,"Default: TMC positive margin, no BJP trigger met",TMC Win,"33,535","11,815",-16794,9168,"-11,609","10,111","-21,720",6.64309109,1,0,0.155588136,73.0%,8.0%,7.0%,12.0%,"2,36,270","2,05,975","95,460","80,592","2,46,956","2,17,080","1,00,392","88,577","2,52,804","2,15,537","1,10,503","76,968","2,36,010","2,24,705"
274,Galsi,Purba Bardhaman,"Default: TMC positive margin, no BJP trigger met",TMC Win,"20,754","19,262",-20028,9384,"-3,746","-2,254","-1,492",7.586852184,0,0,0.093503755,87.0%,11.0%,1.0%,1.0%,"2,49,625","2,11,572","83,556","93,177","2,56,642","2,22,538","1,09,504","90,242","2,63,983","2,21,959","1,07,250","86,496","2,43,955","2,31,343"
275,Pandabeswar,Paschim Bardhaman,"Default: TMC positive margin, no BJP trigger met",TMC Win,"40,025","3,803",-29390,7118,"-15,437","20,785","-36,222",13.49527046,1,0,0.240440934,88.0%,10.0%,1.0%,1.0%,"1,99,797","1,57,086","64,275","70,296","2,11,960","1,64,291","73,922","70,119","2,17,780","1,66,465","94,707","54,682","1,88,390","1,73,583"
276,Durgapur Purba,Paschim Bardhaman,"Rule 6: Muslim <30%, BJP 2021?24 gain exceeds TMC 2024 margin",BJP Contested,"1,693","3,746",-27212,13208,"8,140","6,087","2,053",10.29435687,0,0,0.008449284,88.0%,10.0%,1.0%,1.0%,"2,44,625","1,93,739","63,864","90,455","2,56,531","1,92,674","79,303","75,557","2,64,339","2,00,372","85,390","83,697","2,37,127","2,13,580"
13,Falakata,Alipurduar,"Rule 2: Muslim <30%, BJP led in both 2024 & 2021",BJP Win,"-8,966","-3,990",-17119,15785,"2,979","-1,997","4,976",6.524431842,0,0,-0.04107286,71.0%,7.0%,12.0%,10.0%,"2,44,579","2,09,134","82,210","1,09,280","2,54,554","2,20,500","99,003","1,02,993","2,62,383","2,18,295","97,006","1,05,972","2,45,264","2,34,080"
278,Raniganj,Paschim Bardhaman,"Rule 6: Muslim <30%, BJP 2021?24 gain exceeds TMC 2024 margin",BJP Contested,"4,452","3,556",-41791,5197,"4,625","5,521",-896,16.21157166,0,0,0.023418637,88.0%,10.0%,1.0%,1.0%,"2,38,858","1,83,486","61,172","92,882","2,50,813","1,82,211","78,164","74,608","2,57,785","1,90,105","83,685","79,233","2,15,994","1,95,302"
279,Jamuria,Paschim Bardhaman,"Rule 4: Muslim <30%, voter roll drop ? 2x TMC 2024 margin",BJP Possible,"11,871","8,051",-36387,8920,"2,387","6,207","-3,820",15.6212972,0,0,0.069223099,89.0%,9.0%,1.0%,1.0%,"2,08,928","1,61,984","57,999","76,051","2,21,419","1,66,703","71,002","62,951","2,32,932","1,71,489","77,209","65,338","1,96,545","1,80,409"
22,Kalimpong,Kalimpong,"Rule 2: Muslim <30%, BJP led in both 2024 & 2021",BJP Win,"-23,632","-54,336",-18965,21402,"23,409","54,113","-30,704",8.597631741,0,1,-0.161838627,67.0%,5.0%,12.0%,16.0%,"2,05,462","1,45,550","34,302","96,877","2,11,896","1,54,863",0,"54,336","2,20,584","1,46,022","54,113","77,745","2,01,619","1,67,424"
281,Asansol Uttar,Paschim Bardhaman,"Rule 7: Muslim <30%, BJP gaining+TMC losing 2021?24 (divergence >10k)",BJP Contested,"4,367","21,110",-49021,6493,"10,637","-6,106","16,743",17.14746449,0,0,0.021551703,87.0%,11.0%,1.0%,1.0%,"2,56,257","1,95,551","77,706","98,020","2,75,796","1,92,907","1,00,931","79,821","2,85,879","2,02,629","94,825","90,458","2,36,858","2,09,122"
23,Darjeeling,Darjeeling,"Rule 2: Muslim <30%, BJP led in both 2024 & 2021",BJP Win,"-31,345","-68,907",-43072,12269,"18,345","55,907","-37,562",17.17466545,0,1,-0.197611888,60.0%,5.0%,15.0%,20.0%,"2,38,967","1,64,055","33,604","1,19,428","2,46,663","1,68,575",0,"68,907","2,50,788","1,58,619","55,907","87,252","2,07,716","1,70,888"
283,Barabani,Paschim Bardhaman,"Rule 5: Muslim <20%, voter roll drop > TMC 2024 margin",BJP Possible,"25,523","23,457",-33498,9663,"-1,454",612,"-2,066",14.2304882,1,0,0.146595445,87.0%,11.0%,1.0%,1.0%,"2,15,166","1,65,974","61,406","79,281","2,25,596","1,69,207","88,430","64,973","2,35,396","1,74,105","89,042","63,519","2,01,898","1,83,768"
284,Dubrajpur,Birbhum,"Rule 2: Muslim <30%, BJP led in 2021",BJP Win,"18,280","-3,863",-20904,10771,"-13,428","8,715","-22,143",8.28186223,0,0,0.087806518,72.0%,8.0%,8.0%,12.0%,"2,31,245","1,95,949","80,954","95,466","2,41,742","2,04,599","94,220","98,083","2,52,407","2,08,185","1,02,935","84,655","2,31,503","2,18,956"
285,Suri,Birbhum,"Rule 5: Muslim <20%, voter roll drop > TMC 2024 margin",BJP Possible,"12,499","7,320",-20368,10962,"-4,128","1,051","-5,179",7.476168977,0,0,0.055538276,73.0%,8.0%,7.0%,12.0%,"2,52,702","2,14,409","91,097","1,00,228","2,63,557","2,18,590","1,05,871","98,551","2,72,439","2,25,052","1,06,922","94,423","2,52,071","2,36,014"
286,Bolpur,Birbhum,"Default: TMC positive margin, no BJP trigger met",TMC Win,"48,347","22,280",-25029,10801,"-13,048","13,019","-26,067",8.777762581,1,0,0.207287897,88.0%,10.0%,1.0%,1.0%,"2,59,221","2,22,034","1,06,172","90,560","2,73,896","2,30,260","1,16,443","94,163","2,85,141","2,33,236","1,29,462","81,115","2,60,112","2,44,037"
287,Nanoor,Birbhum,"Default: TMC positive margin, no BJP trigger met",TMC Win,"82,210","6,670",-18687,19903,"-38,826","36,714","-75,540",6.493750195,1,0,0.354994581,89.0%,9.0%,1.0%,1.0%,"2,65,937","2,25,545","1,08,717","90,986","2,76,777","2,35,328","1,12,116","1,05,446","2,87,769","2,31,581","1,48,830","66,620","2,69,082","2,51,484"
288,Labpur,Birbhum,"Default: TMC positive margin, no BJP trigger met",TMC Win,"48,383","17,975",-11637,9363,"-14,800","15,608","-30,408",4.725359062,1,0,0.228361731,88.0%,10.0%,1.0%,1.0%,"2,30,037","2,02,817","94,515","90,712","2,40,044","2,12,027","1,08,423","90,448","2,46,267","2,11,870","1,24,031","75,648","2,34,630","2,21,233"
289,Sainthia,Birbhum,"Default: TMC positive margin, no BJP trigger met",TMC Win,"35,237","15,243",-14898,12158,"-11,106","8,888","-19,994",5.581970438,1,0,0.155048754,74.0%,8.0%,7.0%,11.0%,"2,46,472","2,15,575","96,795","97,010","2,55,959","2,21,866","1,10,572","95,329","2,66,895","2,27,264","1,19,460","84,223","2,51,997","2,39,422"
290,Mayureswar,Birbhum,"Default: TMC positive margin, no BJP trigger met",TMC Win,"20,752","12,075",-14637,11514,"-7,468","1,209","-8,677",6.085792334,1,0,0.10352913,87.0%,11.0%,1.0%,1.0%,"2,23,558","1,91,604","85,501","87,260","2,30,682","1,99,425","1,00,425","88,350","2,40,511","2,00,446","1,01,634","80,882","2,25,874","2,11,960"
291,Rampurhat,Birbhum,"Rule 3: Muslim <30%, voter increase > TMC 2024 margin",BJP Possible,"6,961","8,472",-26486,7849,"-4,186","-5,697","1,511",9.750225478,0,0,0.031089772,89.0%,9.0%,1.0%,1.0%,"2,48,898","2,11,736","85,049","98,174","2,60,812","2,17,323","1,03,276","94,804","2,71,645","2,23,900","97,579","90,618","2,45,159","2,31,749"
292,Hansan,Birbhum,"Rule 7: Muslim <30%, BJP gaining+TMC losing 2021?24 (divergence >10k)",BJP Contested,"38,958","50,613",-22401,14418,"-2,229","-13,884","11,655",8.626585642,0,0,0.184808493,87.0%,11.0%,1.0%,1.0%,"2,36,309","1,99,735","91,351","61,441","2,48,113","2,10,606","1,08,289","57,676","2,59,674","2,10,802","94,405","55,447","2,37,273","2,25,220"
293,Nalhati,Birbhum,"Rule 7: Muslim <30%, BJP gaining+TMC losing 2021?24 (divergence >10k)",BJP Contested,"26,426","56,905",-26045,14133,381,"-30,098","30,479",10.10569364,0,0,0.127400879,80.0%,8.0%,5.0%,7.0%,"2,32,375","1,98,566","89,970","62,589","2,44,837","2,07,696","1,17,438","60,533","2,57,726","2,07,424","87,340","60,914","2,31,681","2,21,557"
294,Murarai,Birbhum,"Rule 7: Muslim <30%, BJP gaining+TMC losing 2021?24 (divergence >10k)",BJP Contested,"58,850","98,246",-26657,23704,-769,"-40,165","39,396",9.566103617,0,0,0.2694338,70.0%,7.0%,10.0%,13.0%,"2,51,211","2,11,153","1,18,210","48,807","2,63,200","2,17,917","1,46,496","48,250","2,78,661","2,18,421","1,06,331","47,481","2,52,004","2,42,125"
